session,candidateSize,budget,algo,planSize,executedSize,im,avgDist,optiTime,execTime
data/ssb_converted/explorative.xml_0,7,1000,OPT,6,6,25.97907700974035,0.04629629629629626,543,125
data/ssb_converted/explorative.xml_0,7,1000,NAIVE,7,5,21.705305423420135,0.04888888888888889,3,25
data/ssb_converted/explorative.xml_0,7,1000,TAP,3,7,13.102487333768252,0.03703703703703698,23,14
data/ssb_converted/explorative.xml_0,7,2000,OPT,6,6,25.890432099169537,0.042592592592592536,394,25
data/ssb_converted/explorative.xml_0,7,2000,NAIVE,7,5,21.705305423420135,0.04444444444444442,0,13
data/ssb_converted/explorative.xml_0,7,2000,TAP,3,7,13.102487333768252,0.03333333333333329,0,8
data/ssb_converted/explorative.xml_0,7,3000,OPT,5,5,21.613942590034824,0.0422222222222222,365,11
data/ssb_converted/explorative.xml_0,7,3000,NAIVE,7,5,21.705305423420135,0.046666666666666676,0,11
data/ssb_converted/explorative.xml_0,7,3000,TAP,3,7,13.036506579234263,0.040740740740740744,0,6
data/ssb_converted/explorative.xml_0,7,4000,OPT,4,4,17.317381971758493,0.036111111111111066,355,9
data/ssb_converted/explorative.xml_0,7,4000,NAIVE,7,5,21.705305423420135,0.046666666666666634,0,9
data/ssb_converted/explorative.xml_0,7,4000,TAP,3,7,13.046328308252779,0.03333333333333329,0,6
data/ssb_converted/explorative.xml_0,7,5000,OPT,5,5,21.620149977991687,0.04444444444444442,351,11
data/ssb_converted/explorative.xml_0,7,5000,NAIVE,7,5,21.705305423420135,0.04444444444444442,0,11
data/ssb_converted/explorative.xml_0,7,5000,TAP,3,7,13.102487333768252,0.03703703703703698,0,6
data/ssb_converted/explorative.xml_0,7,6000,OPT,2,2,8.65130105038712,0.0222222222222222,324,4
data/ssb_converted/explorative.xml_0,7,6000,NAIVE,7,5,21.705305423420135,0.046666666666666634,0,8
data/ssb_converted/explorative.xml_0,7,6000,TAP,3,7,13.102487333768252,0.03703703703703698,0,5
data/ssb_converted/explorative.xml_0,7,7000,OPT,6,6,25.97907700974035,0.04444444444444442,326,12
data/ssb_converted/explorative.xml_0,7,7000,NAIVE,7,5,21.705305423420135,0.046666666666666676,0,11
data/ssb_converted/explorative.xml_0,7,7000,TAP,3,7,13.036506579234263,0.040740740740740744,1,5
data/ssb_converted/explorative.xml_0,7,8000,OPT,6,6,25.97907700974035,0.04629629629629626,331,11
data/ssb_converted/explorative.xml_0,7,8000,NAIVE,7,5,21.705305423420135,0.04444444444444438,0,9
data/ssb_converted/explorative.xml_0,7,8000,TAP,3,7,13.036506579234263,0.040740740740740744,1,5
data/ssb_converted/explorative.xml_0,7,9000,OPT,3,3,13.025007953120038,0.040740740740740744,338,4
data/ssb_converted/explorative.xml_0,7,9000,NAIVE,7,5,21.705305423420135,0.04444444444444438,0,8
data/ssb_converted/explorative.xml_0,7,9000,TAP,3,7,13.102487333768252,0.03333333333333329,0,4
data/ssb_converted/explorative.xml_0,7,10000,OPT,5,5,21.51018471228813,0.04444444444444442,331,7
data/ssb_converted/explorative.xml_0,7,10000,NAIVE,7,5,21.705305423420135,0.046666666666666634,0,6
data/ssb_converted/explorative.xml_0,7,10000,TAP,3,7,13.102487333768252,0.03703703703703698,0,4
data/ssb_converted/explorative.xml_1,5,1000,OPT,4,4,19.415294003439712,0.036111111111111066,5,512
data/ssb_converted/explorative.xml_1,5,1000,NAIVE,5,4,19.415294003439712,0.038888888888888834,0,30
data/ssb_converted/explorative.xml_1,5,1000,TAP,2,5,9.69956971951042,0.0222222222222222,0,6
data/ssb_converted/explorative.xml_1,5,2000,OPT,2,2,9.736984206578711,0.0222222222222222,5,5
data/ssb_converted/explorative.xml_1,5,2000,NAIVE,5,4,19.415294003439712,0.038888888888888834,0,10
data/ssb_converted/explorative.xml_1,5,2000,TAP,3,5,14.590787030712491,0.03703703703703698,0,5
data/ssb_converted/explorative.xml_1,5,3000,OPT,3,3,14.561491179305932,0.0296296296296296,3,6
data/ssb_converted/explorative.xml_1,5,3000,NAIVE,5,4,19.415294003439712,0.036111111111111066,0,8
data/ssb_converted/explorative.xml_1,5,3000,TAP,3,5,14.590787030712491,0.03333333333333329,0,5
data/ssb_converted/explorative.xml_1,5,4000,OPT,4,4,19.415294003439712,0.036111111111111066,6,7
data/ssb_converted/explorative.xml_1,5,4000,NAIVE,5,4,19.415294003439712,0.038888888888888834,0,6
data/ssb_converted/explorative.xml_1,5,4000,TAP,3,5,14.590787030712491,0.03333333333333329,0,4
data/ssb_converted/explorative.xml_1,5,5000,OPT,4,4,19.415294003439712,0.036111111111111066,3,5
data/ssb_converted/explorative.xml_1,5,5000,NAIVE,5,4,19.415294003439712,0.036111111111111066,0,5
data/ssb_converted/explorative.xml_1,5,5000,TAP,3,5,14.590787030712491,0.03703703703703698,0,3
data/ssb_converted/explorative.xml_1,5,6000,OPT,3,3,14.5533725436442,0.03333333333333329,3,4
data/ssb_converted/explorative.xml_1,5,6000,NAIVE,5,4,19.415294003439712,0.038888888888888834,0,5
data/ssb_converted/explorative.xml_1,5,6000,TAP,3,5,14.590787030712491,0.03703703703703698,0,4
data/ssb_converted/explorative.xml_1,5,7000,OPT,2,2,9.736984206578711,0.0222222222222222,3,3
data/ssb_converted/explorative.xml_1,5,7000,NAIVE,5,4,19.415294003439712,0.036111111111111066,0,6
data/ssb_converted/explorative.xml_1,5,7000,TAP,3,5,14.590787030712491,0.03333333333333329,0,4
data/ssb_converted/explorative.xml_1,5,8000,OPT,3,3,14.561491179305932,0.0296296296296296,4,4
data/ssb_converted/explorative.xml_1,5,8000,NAIVE,5,4,19.415294003439712,0.038888888888888834,0,5
data/ssb_converted/explorative.xml_1,5,8000,TAP,3,5,14.590787030712491,0.03703703703703698,0,4
data/ssb_converted/explorative.xml_1,5,9000,OPT,4,4,19.415294003439712,0.038888888888888834,4,6
data/ssb_converted/explorative.xml_1,5,9000,NAIVE,5,4,19.415294003439712,0.036111111111111066,0,5
data/ssb_converted/explorative.xml_1,5,9000,TAP,3,5,14.590787030712491,0.03333333333333329,0,6
data/ssb_converted/explorative.xml_1,5,10000,OPT,5,5,24.178863907679947,0.04222222222222216,4,75
data/ssb_converted/explorative.xml_1,5,10000,NAIVE,5,4,19.415294003439712,0.036111111111111066,0,6
data/ssb_converted/explorative.xml_1,5,10000,TAP,3,5,14.590787030712491,0.03703703703703698,0,4
data/ssb_converted/explorative.xml_2,5,1000,OPT,2,2,9.686428432522733,0.0222222222222222,4,2
data/ssb_converted/explorative.xml_2,5,1000,NAIVE,5,4,19.415294003439712,0.036111111111111066,0,5
data/ssb_converted/explorative.xml_2,5,1000,TAP,3,5,14.590787030712491,0.03703703703703698,0,4
data/ssb_converted/explorative.xml_2,5,2000,OPT,2,2,9.728865570916978,0.027777777777777735,4,2
data/ssb_converted/explorative.xml_2,5,2000,NAIVE,5,4,19.415294003439712,0.036111111111111066,0,5
data/ssb_converted/explorative.xml_2,5,2000,TAP,3,5,14.590787030712491,0.03333333333333329,0,4
data/ssb_converted/explorative.xml_2,5,3000,OPT,4,4,19.415294003439712,0.038888888888888834,4,5
data/ssb_converted/explorative.xml_2,5,3000,NAIVE,5,4,19.415294003439712,0.038888888888888834,0,6
data/ssb_converted/explorative.xml_2,5,3000,TAP,3,5,14.590787030712491,0.03703703703703698,0,4
data/ssb_converted/explorative.xml_2,5,4000,OPT,2,2,9.69956971951042,0.0222222222222222,7,3
data/ssb_converted/explorative.xml_2,5,4000,NAIVE,5,4,19.415294003439712,0.036111111111111066,0,5
data/ssb_converted/explorative.xml_2,5,4000,TAP,3,5,14.590787030712491,0.03703703703703698,0,4
data/ssb_converted/explorative.xml_2,5,5000,OPT,4,4,19.415294003439712,0.038888888888888834,7,6
data/ssb_converted/explorative.xml_2,5,5000,NAIVE,5,4,19.415294003439712,0.038888888888888834,0,4
data/ssb_converted/explorative.xml_2,5,5000,TAP,3,5,14.590787030712491,0.03333333333333329,0,4
data/ssb_converted/explorative.xml_2,5,6000,OPT,4,4,19.415294003439712,0.038888888888888834,7,7
data/ssb_converted/explorative.xml_2,5,6000,NAIVE,5,4,19.415294003439712,0.036111111111111066,0,7
data/ssb_converted/explorative.xml_2,5,6000,TAP,3,5,14.590787030712491,0.03703703703703698,0,4
data/ssb_converted/explorative.xml_2,5,7000,OPT,5,5,24.178863907679947,0.04222222222222216,7,8
data/ssb_converted/explorative.xml_2,5,7000,NAIVE,5,4,19.415294003439712,0.036111111111111066,0,7
data/ssb_converted/explorative.xml_2,5,7000,TAP,2,5,9.69956971951042,0.0222222222222222,0,3
data/ssb_converted/explorative.xml_2,5,8000,OPT,5,5,24.178863907679947,0.04222222222222216,7,8
data/ssb_converted/explorative.xml_2,5,8000,NAIVE,5,4,19.415294003439712,0.036111111111111066,0,5
data/ssb_converted/explorative.xml_2,5,8000,TAP,2,5,9.69956971951042,0.0222222222222222,0,3
data/ssb_converted/explorative.xml_2,5,9000,OPT,2,2,9.728865570916978,0.027777777777777735,7,3
data/ssb_converted/explorative.xml_2,5,9000,NAIVE,5,4,19.415294003439712,0.036111111111111066,0,5
data/ssb_converted/explorative.xml_2,5,9000,TAP,3,5,14.590787030712491,0.03703703703703698,0,4
data/ssb_converted/explorative.xml_2,5,10000,OPT,3,3,14.561491179305932,0.0296296296296296,4,4
data/ssb_converted/explorative.xml_2,5,10000,NAIVE,5,4,19.415294003439712,0.036111111111111066,0,5
data/ssb_converted/explorative.xml_2,5,10000,TAP,3,5,14.590787030712491,0.03333333333333329,0,4
data/ssb_converted/explorative.xml_3,5,1000,OPT,5,5,24.178863907679947,0.04222222222222216,7,7
data/ssb_converted/explorative.xml_3,5,1000,NAIVE,5,4,19.415294003439712,0.036111111111111066,0,5
data/ssb_converted/explorative.xml_3,5,1000,TAP,2,5,9.69956971951042,0.0222222222222222,0,2
data/ssb_converted/explorative.xml_3,5,2000,OPT,4,4,19.415294003439712,0.038888888888888834,7,5
data/ssb_converted/explorative.xml_3,5,2000,NAIVE,5,4,19.415294003439712,0.036111111111111066,0,4
data/ssb_converted/explorative.xml_3,5,2000,TAP,3,5,14.590787030712491,0.03333333333333329,0,4
data/ssb_converted/explorative.xml_3,5,3000,OPT,3,3,14.561491179305932,0.0296296296296296,7,3
data/ssb_converted/explorative.xml_3,5,3000,NAIVE,5,4,19.415294003439712,0.038888888888888834,0,5
data/ssb_converted/explorative.xml_3,5,3000,TAP,2,5,9.69956971951042,0.0222222222222222,0,2
data/ssb_converted/explorative.xml_3,5,4000,OPT,2,2,9.69956971951042,0.0222222222222222,7,3
data/ssb_converted/explorative.xml_3,5,4000,NAIVE,5,4,19.415294003439712,0.036111111111111066,0,5
data/ssb_converted/explorative.xml_3,5,4000,TAP,2,5,9.69956971951042,0.0222222222222222,0,3
data/ssb_converted/explorative.xml_3,5,5000,OPT,5,5,24.178863907679947,0.0422222222222222,10,8
data/ssb_converted/explorative.xml_3,5,5000,NAIVE,5,4,19.415294003439712,0.036111111111111066,0,6
data/ssb_converted/explorative.xml_3,5,5000,TAP,2,5,9.69956971951042,0.0222222222222222,0,2
data/ssb_converted/explorative.xml_3,5,6000,OPT,3,3,14.561491179305932,0.0296296296296296,4,5
data/ssb_converted/explorative.xml_3,5,6000,NAIVE,5,4,19.415294003439712,0.036111111111111066,0,5
data/ssb_converted/explorative.xml_3,5,6000,TAP,3,5,14.590787030712491,0.03703703703703698,0,4
data/ssb_converted/explorative.xml_3,5,7000,OPT,4,4,19.415294003439712,0.038888888888888834,4,4
data/ssb_converted/explorative.xml_3,5,7000,NAIVE,5,4,19.415294003439712,0.036111111111111066,0,4
data/ssb_converted/explorative.xml_3,5,7000,TAP,2,5,9.69956971951042,0.0222222222222222,0,2
data/ssb_converted/explorative.xml_3,5,8000,OPT,5,5,24.178863907679947,0.04222222222222216,7,6
data/ssb_converted/explorative.xml_3,5,8000,NAIVE,5,4,19.415294003439712,0.036111111111111066,0,5
data/ssb_converted/explorative.xml_3,5,8000,TAP,2,5,9.69956971951042,0.0222222222222222,0,2
data/ssb_converted/explorative.xml_3,5,9000,OPT,2,2,9.69956971951042,0.0222222222222222,5,2
data/ssb_converted/explorative.xml_3,5,9000,NAIVE,5,4,19.415294003439712,0.036111111111111066,0,4
data/ssb_converted/explorative.xml_3,5,9000,TAP,3,5,14.590787030712491,0.03333333333333329,0,3
data/ssb_converted/explorative.xml_3,5,10000,OPT,3,3,14.561491179305932,0.0296296296296296,7,4
data/ssb_converted/explorative.xml_3,5,10000,NAIVE,5,4,19.415294003439712,0.036111111111111066,0,4
data/ssb_converted/explorative.xml_3,5,10000,TAP,2,5,9.69956971951042,0.0222222222222222,0,2
data/ssb_converted/explorative.xml_4,5,1000,OPT,2,2,9.686428432522733,0.0222222222222222,6,2
data/ssb_converted/explorative.xml_4,5,1000,NAIVE,5,4,19.415294003439712,0.036111111111111066,0,4
data/ssb_converted/explorative.xml_4,5,1000,TAP,3,5,14.590787030712491,0.03333333333333329,0,3
data/ssb_converted/explorative.xml_4,5,2000,OPT,3,3,14.590787030712491,0.03703703703703698,6,3
data/ssb_converted/explorative.xml_4,5,2000,NAIVE,5,4,19.415294003439712,0.036111111111111066,0,4
data/ssb_converted/explorative.xml_4,5,2000,TAP,3,5,14.590787030712491,0.03333333333333329,0,3
data/ssb_converted/explorative.xml_4,5,3000,OPT,3,3,14.540231256656513,0.03333333333333329,6,4
data/ssb_converted/explorative.xml_4,5,3000,NAIVE,5,4,19.415294003439712,0.038888888888888834,0,6
data/ssb_converted/explorative.xml_4,5,3000,TAP,2,5,9.69956971951042,0.0222222222222222,0,2
data/ssb_converted/explorative.xml_4,5,4000,OPT,4,4,19.415294003439712,0.036111111111111066,7,5
data/ssb_converted/explorative.xml_4,5,4000,NAIVE,5,4,19.415294003439712,0.036111111111111066,0,5
data/ssb_converted/explorative.xml_4,5,4000,TAP,2,5,9.69956971951042,0.0222222222222222,0,2
data/ssb_converted/explorative.xml_4,5,5000,OPT,2,2,9.715724283929292,0.027777777777777735,7,2
data/ssb_converted/explorative.xml_4,5,5000,NAIVE,5,4,19.415294003439712,0.038888888888888834,0,4
data/ssb_converted/explorative.xml_4,5,5000,TAP,2,5,9.69956971951042,0.0222222222222222,0,2
data/ssb_converted/explorative.xml_4,5,6000,OPT,2,2,9.736984206578711,0.0222222222222222,4,2
data/ssb_converted/explorative.xml_4,5,6000,NAIVE,5,4,19.415294003439712,0.038888888888888834,0,4
data/ssb_converted/explorative.xml_4,5,6000,TAP,2,5,9.69956971951042,0.0222222222222222,0,2
data/ssb_converted/explorative.xml_4,5,7000,OPT,2,2,9.736984206578711,0.0222222222222222,7,2
data/ssb_converted/explorative.xml_4,5,7000,NAIVE,5,4,19.415294003439712,0.038888888888888834,0,5
data/ssb_converted/explorative.xml_4,5,7000,TAP,2,5,9.69956971951042,0.0222222222222222,0,2
data/ssb_converted/explorative.xml_4,5,8000,OPT,5,5,24.178863907679947,0.0422222222222222,7,6
data/ssb_converted/explorative.xml_4,5,8000,NAIVE,5,4,19.415294003439712,0.036111111111111066,0,4
data/ssb_converted/explorative.xml_4,5,8000,TAP,3,5,14.590787030712491,0.03333333333333329,0,3
data/ssb_converted/explorative.xml_4,5,9000,OPT,2,2,9.736984206578711,0.0222222222222222,7,2
data/ssb_converted/explorative.xml_4,5,9000,NAIVE,5,4,19.415294003439712,0.038888888888888834,0,4
data/ssb_converted/explorative.xml_4,5,9000,TAP,2,5,9.69956971951042,0.0222222222222222,0,5
data/ssb_converted/explorative.xml_4,5,10000,OPT,4,4,19.415294003439712,0.036111111111111066,7,4
data/ssb_converted/explorative.xml_4,5,10000,NAIVE,5,4,19.415294003439712,0.038888888888888834,0,3
data/ssb_converted/explorative.xml_4,5,10000,TAP,2,5,9.69956971951042,0.0222222222222222,0,2
data/ssb_converted/explorative.xml_5,6,1000,OPT,2,2,8.481181891861253,0.027777777777777735,50,2
data/ssb_converted/explorative.xml_5,6,1000,NAIVE,6,3,12.73682336700811,0.03333333333333329,0,3
data/ssb_converted/explorative.xml_5,6,1000,TAP,2,6,8.499784324179494,0.0222222222222222,0,1
data/ssb_converted/explorative.xml_5,6,2000,OPT,5,5,21.129108557169136,0.04444444444444438,39,5
data/ssb_converted/explorative.xml_5,6,2000,NAIVE,6,3,12.73682336700811,0.03333333333333329,0,4
data/ssb_converted/explorative.xml_5,6,2000,TAP,2,6,8.492680517975476,0.027777777777777735,0,2
data/ssb_converted/explorative.xml_5,6,3000,OPT,5,5,21.129108557169136,0.0422222222222222,75,5
data/ssb_converted/explorative.xml_5,6,3000,NAIVE,6,3,12.73682336700811,0.03703703703703698,0,2
data/ssb_converted/explorative.xml_5,6,3000,TAP,2,6,8.499784324179494,0.0222222222222222,0,2
data/ssb_converted/explorative.xml_5,6,4000,OPT,6,6,25.30727065166778,0.04814814814814811,40,6
data/ssb_converted/explorative.xml_5,6,4000,NAIVE,6,3,12.73682336700811,0.03703703703703698,0,4
data/ssb_converted/explorative.xml_5,6,4000,TAP,2,6,8.499784324179494,0.0222222222222222,0,3
data/ssb_converted/explorative.xml_5,6,5000,OPT,4,4,16.94822853985599,0.038888888888888834,44,4
data/ssb_converted/explorative.xml_5,6,5000,NAIVE,6,3,12.73682336700811,0.03333333333333329,0,4
data/ssb_converted/explorative.xml_5,6,5000,TAP,2,6,8.499784324179494,0.0222222222222222,0,2
data/ssb_converted/explorative.xml_5,6,6000,OPT,3,3,12.626606310175141,0.03703703703703698,55,3
data/ssb_converted/explorative.xml_5,6,6000,NAIVE,6,3,12.73682336700811,0.03703703703703698,0,3
data/ssb_converted/explorative.xml_5,6,6000,TAP,2,6,8.499784324179494,0.0222222222222222,0,2
data/ssb_converted/explorative.xml_5,6,7000,OPT,5,5,21.129108557169136,0.0422222222222222,70,6
data/ssb_converted/explorative.xml_5,6,7000,NAIVE,6,3,12.73682336700811,0.03333333333333329,0,2
data/ssb_converted/explorative.xml_5,6,7000,TAP,2,6,8.499784324179494,0.0222222222222222,0,1
data/ssb_converted/explorative.xml_5,6,8000,OPT,3,3,12.662061909174398,0.03703703703703698,48,3
data/ssb_converted/explorative.xml_5,6,8000,NAIVE,6,3,12.73682336700811,0.03333333333333329,0,2
data/ssb_converted/explorative.xml_5,6,8000,TAP,2,6,8.499784324179494,0.0222222222222222,0,2
data/ssb_converted/explorative.xml_5,6,9000,OPT,5,5,21.129108557169136,0.039999999999999945,46,5
data/ssb_converted/explorative.xml_5,6,9000,NAIVE,6,3,12.73682336700811,0.03333333333333329,0,3
data/ssb_converted/explorative.xml_5,6,9000,TAP,2,6,8.492680517975476,0.027777777777777735,0,2
data/ssb_converted/explorative.xml_5,6,10000,OPT,2,2,8.455548021880514,0.0222222222222222,40,2
data/ssb_converted/explorative.xml_5,6,10000,NAIVE,6,3,12.73682336700811,0.03333333333333329,0,2
data/ssb_converted/explorative.xml_5,6,10000,TAP,2,6,8.499784324179494,0.0222222222222222,0,1
data/ssb_converted/explorative.xml_6,5,1000,OPT,4,4,19.60185850227042,0.036111111111111066,3,24508
data/ssb_converted/explorative.xml_6,5,1000,NAIVE,5,2,9.85357864454885,0.0222222222222222,0,11198
data/ssb_converted/explorative.xml_6,5,1000,TAP,1,5,4.911042673979949,0.0,0,10837
data/ssb_converted/explorative.xml_6,5,2000,OPT,4,4,19.60185850227042,0.038888888888888834,16,21973
data/ssb_converted/explorative.xml_6,5,2000,NAIVE,5,2,9.85357864454885,0.0222222222222222,0,10677
data/ssb_converted/explorative.xml_6,5,2000,TAP,2,5,9.85357864454885,0.0222222222222222,1,11031
data/ssb_converted/explorative.xml_6,5,3000,OPT,3,3,14.690815828290472,0.03333333333333329,17,11020
data/ssb_converted/explorative.xml_6,5,3000,NAIVE,5,2,9.85357864454885,0.0222222222222222,0,10968
data/ssb_converted/explorative.xml_6,5,3000,TAP,2,5,9.85357864454885,0.0222222222222222,0,11338
data/ssb_converted/explorative.xml_6,5,4000,OPT,3,3,14.62885527590523,0.03333333333333329,23,22096
data/ssb_converted/explorative.xml_6,5,4000,NAIVE,5,2,9.85357864454885,0.0222222222222222,0,10899
data/ssb_converted/explorative.xml_6,5,4000,TAP,1,5,4.911042673979949,0.0,0,11009
data/ssb_converted/explorative.xml_6,5,5000,OPT,3,3,14.728230315358761,0.03333333333333329,7,10944
data/ssb_converted/explorative.xml_6,5,5000,NAIVE,5,2,9.85357864454885,0.0222222222222222,0,10645
data/ssb_converted/explorative.xml_6,5,5000,TAP,2,5,9.85357864454885,0.0222222222222222,0,11317
data/ssb_converted/explorative.xml_6,5,6000,OPT,4,4,19.60185850227042,0.036111111111111066,15,22009
data/ssb_converted/explorative.xml_6,5,6000,NAIVE,5,2,9.85357864454885,0.0222222222222222,0,10801
data/ssb_converted/explorative.xml_6,5,6000,TAP,2,5,9.85357864454885,0.0222222222222222,0,10874
data/ssb_converted/explorative.xml_6,5,7000,OPT,5,5,24.41454962069509,0.04444444444444438,9,33075
data/ssb_converted/explorative.xml_6,5,7000,NAIVE,5,2,9.85357864454885,0.0222222222222222,0,11306
data/ssb_converted/explorative.xml_6,5,7000,TAP,1,5,4.911042673979949,0.0,0,10663
data/ssb_converted/explorative.xml_6,5,8000,OPT,3,3,14.65932253170152,0.03333333333333329,7,22397
data/ssb_converted/explorative.xml_6,5,8000,NAIVE,5,2,9.85357864454885,0.0222222222222222,0,11069
data/ssb_converted/explorative.xml_6,5,8000,TAP,2,5,9.85357864454885,0.0222222222222222,0,10822
data/ssb_converted/explorative.xml_6,5,9000,OPT,3,3,14.690815828290472,0.03333333333333329,4,10844
data/ssb_converted/explorative.xml_6,5,9000,NAIVE,5,2,9.85357864454885,0.0222222222222222,0,11247
data/ssb_converted/explorative.xml_6,5,9000,TAP,1,5,4.911042673979949,0.0,0,10882
data/ssb_converted/explorative.xml_6,5,10000,OPT,2,2,9.85357864454885,0.0222222222222222,24,10744
data/ssb_converted/explorative.xml_6,5,10000,NAIVE,5,2,9.85357864454885,0.0222222222222222,0,11131
data/ssb_converted/explorative.xml_6,5,10000,TAP,1,5,4.911042673979949,0.0,0,11117
data/ssb_converted/explorative.xml_7,5,1000,OPT,5,5,24.178863907679947,0.04222222222222216,9,6
data/ssb_converted/explorative.xml_7,5,1000,NAIVE,5,4,19.415294003439712,0.036111111111111066,0,7
data/ssb_converted/explorative.xml_7,5,1000,TAP,2,5,9.69956971951042,0.0222222222222222,0,2
data/ssb_converted/explorative.xml_7,5,2000,OPT,3,3,14.540231256656513,0.03333333333333329,9,5
data/ssb_converted/explorative.xml_7,5,2000,NAIVE,5,4,19.415294003439712,0.036111111111111066,0,5
data/ssb_converted/explorative.xml_7,5,2000,TAP,3,5,14.590787030712491,0.03333333333333329,0,4
data/ssb_converted/explorative.xml_7,5,3000,OPT,4,4,19.415294003439712,0.038888888888888834,7,5
data/ssb_converted/explorative.xml_7,5,3000,NAIVE,5,4,19.415294003439712,0.036111111111111066,0,6
data/ssb_converted/explorative.xml_7,5,3000,TAP,3,5,14.590787030712491,0.03333333333333329,0,3
data/ssb_converted/explorative.xml_7,5,4000,OPT,4,4,19.415294003439712,0.036111111111111066,6,6
data/ssb_converted/explorative.xml_7,5,4000,NAIVE,5,4,19.415294003439712,0.038888888888888834,0,4
data/ssb_converted/explorative.xml_7,5,4000,TAP,3,5,14.590787030712491,0.03703703703703698,0,3
data/ssb_converted/explorative.xml_7,5,5000,OPT,2,2,9.69956971951042,0.0222222222222222,5,1
data/ssb_converted/explorative.xml_7,5,5000,NAIVE,5,4,19.415294003439712,0.038888888888888834,0,3
data/ssb_converted/explorative.xml_7,5,5000,TAP,3,5,14.590787030712491,0.03333333333333329,0,3
data/ssb_converted/explorative.xml_7,5,6000,OPT,3,3,14.5533725436442,0.03703703703703698,25,2
data/ssb_converted/explorative.xml_7,5,6000,NAIVE,5,4,19.415294003439712,0.036111111111111066,0,3
data/ssb_converted/explorative.xml_7,5,6000,TAP,3,5,14.590787030712491,0.03333333333333329,0,3
data/ssb_converted/explorative.xml_7,5,7000,OPT,4,4,19.415294003439712,0.036111111111111066,7,3
data/ssb_converted/explorative.xml_7,5,7000,NAIVE,5,4,19.415294003439712,0.038888888888888834,0,3
data/ssb_converted/explorative.xml_7,5,7000,TAP,3,5,14.590787030712491,0.03333333333333329,0,2
data/ssb_converted/explorative.xml_7,5,8000,OPT,3,3,14.590787030712491,0.03703703703703698,3,2
data/ssb_converted/explorative.xml_7,5,8000,NAIVE,5,4,19.415294003439712,0.038888888888888834,0,3
data/ssb_converted/explorative.xml_7,5,8000,TAP,3,5,14.590787030712491,0.03333333333333329,0,2
data/ssb_converted/explorative.xml_7,5,9000,OPT,4,4,19.415294003439712,0.036111111111111066,4,3
data/ssb_converted/explorative.xml_7,5,9000,NAIVE,5,4,19.415294003439712,0.038888888888888834,0,2
data/ssb_converted/explorative.xml_7,5,9000,TAP,2,5,9.69956971951042,0.0222222222222222,0,1
data/ssb_converted/explorative.xml_7,5,10000,OPT,5,5,24.178863907679947,0.0422222222222222,4,3
data/ssb_converted/explorative.xml_7,5,10000,NAIVE,5,4,19.415294003439712,0.036111111111111066,0,3
data/ssb_converted/explorative.xml_7,5,10000,TAP,3,5,14.590787030712491,0.03333333333333329,0,2
data/ssb_converted/explorative.xml_8,5,1000,OPT,5,5,24.178863907679947,0.04444444444444442,4,3
data/ssb_converted/explorative.xml_8,5,1000,NAIVE,5,4,19.415294003439712,0.036111111111111066,0,3
data/ssb_converted/explorative.xml_8,5,1000,TAP,2,5,9.69956971951042,0.0222222222222222,0,1
data/ssb_converted/explorative.xml_8,5,2000,OPT,4,4,19.325061083546167,0.038888888888888834,4,2
data/ssb_converted/explorative.xml_8,5,2000,NAIVE,5,4,19.415294003439712,0.036111111111111066,0,2
data/ssb_converted/explorative.xml_8,5,2000,TAP,3,5,14.590787030712491,0.03703703703703698,0,1
data/ssb_converted/explorative.xml_8,5,3000,OPT,2,2,9.728865570916978,0.027777777777777735,4,1
data/ssb_converted/explorative.xml_8,5,3000,NAIVE,5,4,19.415294003439712,0.036111111111111066,0,3
data/ssb_converted/explorative.xml_8,5,3000,TAP,3,5,14.590787030712491,0.03333333333333329,0,2
data/ssb_converted/explorative.xml_8,5,4000,OPT,2,2,9.69956971951042,0.0222222222222222,4,2
data/ssb_converted/explorative.xml_8,5,4000,NAIVE,5,4,19.415294003439712,0.036111111111111066,0,3
data/ssb_converted/explorative.xml_8,5,4000,TAP,2,5,9.69956971951042,0.0222222222222222,0,1
data/ssb_converted/explorative.xml_8,5,5000,OPT,4,4,19.415294003439712,0.036111111111111066,4,3
data/ssb_converted/explorative.xml_8,5,5000,NAIVE,5,4,19.415294003439712,0.038888888888888834,0,2
data/ssb_converted/explorative.xml_8,5,5000,TAP,3,5,14.590787030712491,0.03333333333333329,0,2
data/ssb_converted/explorative.xml_8,5,6000,OPT,4,4,19.415294003439712,0.036111111111111066,4,3
data/ssb_converted/explorative.xml_8,5,6000,NAIVE,5,4,19.415294003439712,0.038888888888888834,0,11
data/ssb_converted/explorative.xml_8,5,6000,TAP,3,5,14.590787030712491,0.03703703703703698,0,3
data/ssb_converted/explorative.xml_8,5,7000,OPT,2,2,9.69956971951042,0.0222222222222222,8,2
data/ssb_converted/explorative.xml_8,5,7000,NAIVE,5,4,19.415294003439712,0.038888888888888834,0,3
data/ssb_converted/explorative.xml_8,5,7000,TAP,3,5,14.590787030712491,0.03333333333333329,0,4
data/ssb_converted/explorative.xml_8,5,8000,OPT,4,4,19.415294003439712,0.036111111111111066,7,3
data/ssb_converted/explorative.xml_8,5,8000,NAIVE,5,4,19.415294003439712,0.036111111111111066,0,3
data/ssb_converted/explorative.xml_8,5,8000,TAP,2,5,9.69956971951042,0.0222222222222222,0,2
data/ssb_converted/explorative.xml_8,5,9000,OPT,4,4,19.415294003439712,0.036111111111111066,7,3
data/ssb_converted/explorative.xml_8,5,9000,NAIVE,5,4,19.415294003439712,0.038888888888888834,0,3
data/ssb_converted/explorative.xml_8,5,9000,TAP,3,5,14.590787030712491,0.03333333333333329,0,2
data/ssb_converted/explorative.xml_8,5,10000,OPT,5,5,24.178863907679947,0.0422222222222222,4,3
data/ssb_converted/explorative.xml_8,5,10000,NAIVE,5,4,19.415294003439712,0.036111111111111066,0,3
data/ssb_converted/explorative.xml_8,5,10000,TAP,3,5,14.590787030712491,0.03333333333333329,0,3
data/ssb_converted/explorative.xml_9,6,1000,OPT,4,4,19.734844124181738,0.0416666666666666,54,33620
data/ssb_converted/explorative.xml_9,6,1000,NAIVE,6,3,15.008688707009794,0.03703703703703698,0,32675
data/ssb_converted/explorative.xml_9,6,1000,TAP,1,6,5.00122201856128,0.0,0,11008
data/ssb_converted/explorative.xml_9,6,2000,OPT,3,3,14.918455787116248,0.03703703703703698,62,33044
data/ssb_converted/explorative.xml_9,6,2000,NAIVE,6,3,15.008688707009794,0.03333333333333329,0,33175
data/ssb_converted/explorative.xml_9,6,2000,TAP,1,6,4.993103382899548,0.0,0,11032
data/ssb_converted/explorative.xml_9,6,3000,OPT,5,5,24.728978553575477,0.039999999999999945,57,44638
data/ssb_converted/explorative.xml_9,6,3000,NAIVE,6,3,15.008688707009794,0.03333333333333329,0,33022
data/ssb_converted/explorative.xml_9,6,3000,TAP,1,6,5.014363305548966,0.0,0,11348
data/ssb_converted/explorative.xml_9,6,4000,OPT,3,3,14.791756719744011,0.040740740740740744,57,33931
data/ssb_converted/explorative.xml_9,6,4000,NAIVE,6,3,15.008688707009794,0.03333333333333329,0,33278
data/ssb_converted/explorative.xml_9,6,4000,TAP,1,6,4.993103382899548,0.0,0,11760
data/ssb_converted/explorative.xml_9,6,5000,OPT,2,2,9.88888625673801,0.027777777777777735,59,21561
data/ssb_converted/explorative.xml_9,6,5000,NAIVE,6,3,15.008688707009794,0.03703703703703698,0,32998
data/ssb_converted/explorative.xml_9,6,5000,TAP,1,6,5.014363305548966,0.0,0,11307
data/ssb_converted/explorative.xml_9,6,6000,OPT,6,6,29.631849016581477,0.042592592592592536,39,54970
data/ssb_converted/explorative.xml_9,6,6000,NAIVE,6,3,15.008688707009794,0.03703703703703698,0,33265
data/ssb_converted/explorative.xml_9,6,6000,TAP,1,6,5.014363305548966,0.0,0,10433
data/ssb_converted/explorative.xml_9,6,7000,OPT,6,6,29.631849016581477,0.04074074074074069,57,55256
data/ssb_converted/explorative.xml_9,6,7000,NAIVE,6,3,15.008688707009794,0.03333333333333329,0,32711
data/ssb_converted/explorative.xml_9,6,7000,TAP,1,6,4.993103382899548,0.0,0,11317
data/ssb_converted/explorative.xml_9,6,8000,OPT,2,2,9.838870278276186,0.0222222222222222,51,11024
data/ssb_converted/explorative.xml_9,6,8000,NAIVE,6,3,15.008688707009794,0.03333333333333329,0,33143
data/ssb_converted/explorative.xml_9,6,8000,TAP,1,6,5.00122201856128,0.0,0,10712
data/ssb_converted/explorative.xml_9,6,9000,OPT,3,3,14.840092296837467,0.0296296296296296,62,22021
data/ssb_converted/explorative.xml_9,6,9000,NAIVE,6,3,15.008688707009794,0.03703703703703698,0,33054
data/ssb_converted/explorative.xml_9,6,9000,TAP,1,6,5.014363305548966,0.0,1,10822
data/ssb_converted/explorative.xml_9,6,10000,OPT,4,4,19.833195679737017,0.036111111111111066,40,32737
data/ssb_converted/explorative.xml_9,6,10000,NAIVE,6,3,15.008688707009794,0.03333333333333329,0,33354
data/ssb_converted/explorative.xml_9,6,10000,TAP,1,6,4.993103382899548,0.0,0,11209
data/ssb_converted/explorative.xml_10,5,1000,OPT,2,2,9.686428432522733,0.0222222222222222,7,2
data/ssb_converted/explorative.xml_10,5,1000,NAIVE,5,4,19.415294003439712,0.038888888888888834,0,3
data/ssb_converted/explorative.xml_10,5,1000,TAP,3,5,14.590787030712491,0.03333333333333329,0,2
data/ssb_converted/explorative.xml_10,5,2000,OPT,3,3,14.590787030712491,0.03333333333333329,8,4
data/ssb_converted/explorative.xml_10,5,2000,NAIVE,5,4,19.415294003439712,0.038888888888888834,0,5
data/ssb_converted/explorative.xml_10,5,2000,TAP,3,5,14.590787030712491,0.03333333333333329,0,4
data/ssb_converted/explorative.xml_10,5,3000,OPT,4,4,19.415294003439712,0.036111111111111066,8,6
data/ssb_converted/explorative.xml_10,5,3000,NAIVE,5,4,19.415294003439712,0.036111111111111066,0,5
data/ssb_converted/explorative.xml_10,5,3000,TAP,3,5,14.590787030712491,0.03333333333333329,0,3
data/ssb_converted/explorative.xml_10,5,4000,OPT,5,5,24.178863907679947,0.04222222222222216,11,4
data/ssb_converted/explorative.xml_10,5,4000,NAIVE,5,4,19.415294003439712,0.038888888888888834,0,3
data/ssb_converted/explorative.xml_10,5,4000,TAP,2,5,9.69956971951042,0.0222222222222222,0,1
data/ssb_converted/explorative.xml_10,5,5000,OPT,4,4,19.325061083546167,0.038888888888888834,4,3
data/ssb_converted/explorative.xml_10,5,5000,NAIVE,5,4,19.415294003439712,0.038888888888888834,0,3
data/ssb_converted/explorative.xml_10,5,5000,TAP,3,5,14.590787030712491,0.03703703703703698,0,2
data/ssb_converted/explorative.xml_10,5,6000,OPT,3,3,14.561491179305932,0.0296296296296296,4,1
data/ssb_converted/explorative.xml_10,5,6000,NAIVE,5,4,19.415294003439712,0.036111111111111066,0,2
data/ssb_converted/explorative.xml_10,5,6000,TAP,2,5,9.69956971951042,0.0222222222222222,0,1
data/ssb_converted/explorative.xml_10,5,7000,OPT,2,2,9.736984206578711,0.0222222222222222,3,1
data/ssb_converted/explorative.xml_10,5,7000,NAIVE,5,4,19.415294003439712,0.036111111111111066,0,2
data/ssb_converted/explorative.xml_10,5,7000,TAP,3,5,14.590787030712491,0.03703703703703698,0,2
data/ssb_converted/explorative.xml_10,5,8000,OPT,2,2,9.686428432522733,0.0222222222222222,3,1
data/ssb_converted/explorative.xml_10,5,8000,NAIVE,5,4,19.415294003439712,0.036111111111111066,0,2
data/ssb_converted/explorative.xml_10,5,8000,TAP,3,5,14.590787030712491,0.03333333333333329,0,2
data/ssb_converted/explorative.xml_10,5,9000,OPT,4,4,19.415294003439712,0.038888888888888834,3,2
data/ssb_converted/explorative.xml_10,5,9000,NAIVE,5,4,19.415294003439712,0.036111111111111066,0,2
data/ssb_converted/explorative.xml_10,5,9000,TAP,3,5,14.590787030712491,0.03333333333333329,0,2
data/ssb_converted/explorative.xml_10,5,10000,OPT,4,4,19.415294003439712,0.038888888888888834,6,2
data/ssb_converted/explorative.xml_10,5,10000,NAIVE,5,4,19.415294003439712,0.036111111111111066,0,2
data/ssb_converted/explorative.xml_10,5,10000,TAP,3,5,14.590787030712491,0.03333333333333329,0,1
data/ssb_converted/explorative.xml_11,5,1000,OPT,5,5,24.1912886976891,0.04444444444444442,7,44646
data/ssb_converted/explorative.xml_11,5,1000,NAIVE,5,4,19.427718793448868,0.036111111111111066,0,44011
data/ssb_converted/explorative.xml_11,5,1000,TAP,1,5,4.856909021636069,0.0,0,10642
data/ssb_converted/explorative.xml_11,5,2000,OPT,3,3,14.570809771812797,0.0296296296296296,19,33343
data/ssb_converted/explorative.xml_11,5,2000,NAIVE,5,4,19.427718793448868,0.038888888888888834,0,43649
data/ssb_converted/explorative.xml_11,5,2000,TAP,1,5,4.856909021636069,0.0,0,11402
data/ssb_converted/explorative.xml_11,5,3000,OPT,4,4,19.427718793448868,0.038888888888888834,16,44101
data/ssb_converted/explorative.xml_11,5,3000,NAIVE,5,4,19.427718793448868,0.036111111111111066,0,44090
data/ssb_converted/explorative.xml_11,5,3000,TAP,1,5,4.878168944285486,0.0,0,10601
data/ssb_converted/explorative.xml_11,5,4000,OPT,2,2,9.743196601583287,0.0222222222222222,16,22378
data/ssb_converted/explorative.xml_11,5,4000,NAIVE,5,4,19.427718793448868,0.038888888888888834,0,43753
data/ssb_converted/explorative.xml_11,5,4000,TAP,1,5,4.856909021636069,0.0,0,10785
data/ssb_converted/explorative.xml_11,5,5000,OPT,2,2,9.743196601583287,0.0222222222222222,8,22196
data/ssb_converted/explorative.xml_11,5,5000,NAIVE,5,4,19.427718793448868,0.036111111111111066,0,44024
data/ssb_converted/explorative.xml_11,5,5000,TAP,1,5,4.878168944285486,0.0,0,10713
data/ssb_converted/explorative.xml_11,5,6000,OPT,5,5,24.1912886976891,0.04222222222222216,24,44242
data/ssb_converted/explorative.xml_11,5,6000,NAIVE,5,4,19.427718793448868,0.038888888888888834,0,43709
data/ssb_converted/explorative.xml_11,5,6000,TAP,1,5,4.856909021636069,0.0,0,11309
data/ssb_converted/explorative.xml_11,5,7000,OPT,4,4,19.427718793448868,0.036111111111111066,45,43634
data/ssb_converted/explorative.xml_11,5,7000,NAIVE,5,4,19.427718793448868,0.038888888888888834,0,44613
data/ssb_converted/explorative.xml_11,5,7000,TAP,1,5,4.8650276572978015,0.0,0,10776
data/ssb_converted/explorative.xml_11,5,8000,OPT,2,2,9.735077965921555,0.027777777777777735,18,21606
data/ssb_converted/explorative.xml_11,5,8000,NAIVE,5,4,19.427718793448868,0.038888888888888834,1,43987
data/ssb_converted/explorative.xml_11,5,8000,TAP,1,5,4.82761317022951,0.0,0,11399
data/ssb_converted/explorative.xml_11,5,9000,OPT,5,5,24.1912886976891,0.04444444444444442,18,43568
data/ssb_converted/explorative.xml_11,5,9000,NAIVE,5,4,19.427718793448868,0.036111111111111066,0,44377
data/ssb_converted/explorative.xml_11,5,9000,TAP,1,5,4.856909021636069,0.0,0,10648
data/ssb_converted/explorative.xml_11,5,10000,OPT,2,2,9.743196601583287,0.0222222222222222,50,22346
data/ssb_converted/explorative.xml_11,5,10000,NAIVE,5,4,19.427718793448868,0.038888888888888834,0,44126
data/ssb_converted/explorative.xml_11,5,10000,TAP,1,5,4.856909021636069,0.0,0,10511
data/ssb_converted/explorative.xml_12,5,1000,OPT,2,2,9.69956971951042,0.0222222222222222,23,3
data/ssb_converted/explorative.xml_12,5,1000,NAIVE,5,4,19.415294003439712,0.038888888888888834,0,5
data/ssb_converted/explorative.xml_12,5,1000,TAP,2,5,9.69956971951042,0.0222222222222222,0,2
data/ssb_converted/explorative.xml_12,5,2000,OPT,5,5,24.178863907679947,0.04444444444444442,5,4
data/ssb_converted/explorative.xml_12,5,2000,NAIVE,5,4,19.415294003439712,0.036111111111111066,0,4
data/ssb_converted/explorative.xml_12,5,2000,TAP,3,5,14.590787030712491,0.03333333333333329,0,2
data/ssb_converted/explorative.xml_12,5,3000,OPT,4,4,19.415294003439712,0.038888888888888834,11,5
data/ssb_converted/explorative.xml_12,5,3000,NAIVE,5,4,19.415294003439712,0.036111111111111066,0,2
data/ssb_converted/explorative.xml_12,5,3000,TAP,2,5,9.69956971951042,0.0222222222222222,0,1
data/ssb_converted/explorative.xml_12,5,4000,OPT,3,3,14.590787030712491,0.03333333333333329,3,2
data/ssb_converted/explorative.xml_12,5,4000,NAIVE,5,4,19.415294003439712,0.038888888888888834,0,2
data/ssb_converted/explorative.xml_12,5,4000,TAP,3,5,14.590787030712491,0.03333333333333329,0,1
data/ssb_converted/explorative.xml_12,5,5000,OPT,3,3,14.463139623750653,0.03333333333333329,3,1
data/ssb_converted/explorative.xml_12,5,5000,NAIVE,5,4,19.415294003439712,0.036111111111111066,0,2
data/ssb_converted/explorative.xml_12,5,5000,TAP,3,5,14.590787030712491,0.03703703703703698,0,1
data/ssb_converted/explorative.xml_12,5,6000,OPT,2,2,9.736984206578711,0.0222222222222222,3,1
data/ssb_converted/explorative.xml_12,5,6000,NAIVE,5,4,19.415294003439712,0.038888888888888834,0,2
data/ssb_converted/explorative.xml_12,5,6000,TAP,3,5,14.590787030712491,0.03703703703703698,0,1
data/ssb_converted/explorative.xml_12,5,7000,OPT,3,3,14.500554110818944,0.03333333333333329,3,2
data/ssb_converted/explorative.xml_12,5,7000,NAIVE,5,4,19.415294003439712,0.036111111111111066,0,2
data/ssb_converted/explorative.xml_12,5,7000,TAP,3,5,14.590787030712491,0.03333333333333329,0,1
data/ssb_converted/explorative.xml_12,5,8000,OPT,3,3,14.540231256656513,0.03333333333333329,3,1
data/ssb_converted/explorative.xml_12,5,8000,NAIVE,5,4,19.415294003439712,0.036111111111111066,0,2
data/ssb_converted/explorative.xml_12,5,8000,TAP,3,5,14.590787030712491,0.03333333333333329,0,1
data/ssb_converted/explorative.xml_12,5,9000,OPT,5,5,24.178863907679947,0.039999999999999945,6,3
data/ssb_converted/explorative.xml_12,5,9000,NAIVE,5,4,19.415294003439712,0.036111111111111066,0,2
data/ssb_converted/explorative.xml_12,5,9000,TAP,3,5,14.590787030712491,0.03333333333333329,0,2
data/ssb_converted/explorative.xml_12,5,10000,OPT,3,3,14.540231256656513,0.03333333333333329,4,6
data/ssb_converted/explorative.xml_12,5,10000,NAIVE,5,4,19.415294003439712,0.036111111111111066,0,2
data/ssb_converted/explorative.xml_12,5,10000,TAP,3,5,14.590787030712491,0.03333333333333329,0,2
data/ssb_converted/explorative.xml_13,6,1000,OPT,6,6,25.500062459535037,0.04629629629629626,39,8
data/ssb_converted/explorative.xml_13,6,1000,NAIVE,6,3,12.841637416414127,0.03703703703703698,0,2
data/ssb_converted/explorative.xml_13,6,1000,TAP,2,6,8.567390365350745,0.027777777777777735,0,1
data/ssb_converted/explorative.xml_13,6,2000,OPT,2,2,8.514978143398341,0.0222222222222222,46,2
data/ssb_converted/explorative.xml_13,6,2000,NAIVE,6,3,12.841637416414127,0.03333333333333329,0,2
data/ssb_converted/explorative.xml_13,6,2000,TAP,2,6,8.575272454098428,0.0222222222222222,0,2
data/ssb_converted/explorative.xml_13,6,3000,OPT,4,4,17.01832739448593,0.038888888888888834,40,3
data/ssb_converted/explorative.xml_13,6,3000,NAIVE,6,3,12.841637416414127,0.03333333333333329,0,2
data/ssb_converted/explorative.xml_13,6,3000,TAP,2,6,8.575272454098428,0.0222222222222222,0,1
data/ssb_converted/explorative.xml_13,6,4000,OPT,4,4,17.082368508749084,0.036111111111111066,44,3
data/ssb_converted/explorative.xml_13,6,4000,NAIVE,6,3,12.841637416414127,0.03333333333333329,0,3
data/ssb_converted/explorative.xml_13,6,4000,TAP,2,6,8.575272454098428,0.0222222222222222,0,1
data/ssb_converted/explorative.xml_13,6,5000,OPT,4,4,17.01832739448593,0.0416666666666666,38,4
data/ssb_converted/explorative.xml_13,6,5000,NAIVE,6,3,12.841637416414127,0.03333333333333329,0,3
data/ssb_converted/explorative.xml_13,6,5000,TAP,2,6,8.567390365350745,0.027777777777777735,0,1
data/ssb_converted/explorative.xml_13,6,6000,OPT,4,4,17.082368508749084,0.038888888888888834,48,4
data/ssb_converted/explorative.xml_13,6,6000,NAIVE,6,3,12.841637416414127,0.03333333333333329,0,3
data/ssb_converted/explorative.xml_13,6,6000,TAP,2,6,8.567390365350745,0.027777777777777735,0,1
data/ssb_converted/explorative.xml_13,6,7000,OPT,3,3,12.777596302150972,0.040740740740740744,45,3
data/ssb_converted/explorative.xml_13,6,7000,NAIVE,6,3,12.841637416414127,0.03333333333333329,0,2
data/ssb_converted/explorative.xml_13,6,7000,TAP,2,6,8.575272454098428,0.0222222222222222,0,1
data/ssb_converted/explorative.xml_13,6,8000,OPT,3,3,12.785478390898655,0.03333333333333329,46,3
data/ssb_converted/explorative.xml_13,6,8000,NAIVE,6,3,12.841637416414127,0.03333333333333329,0,2
data/ssb_converted/explorative.xml_13,6,8000,TAP,2,6,8.575272454098428,0.0222222222222222,0,1
data/ssb_converted/explorative.xml_13,6,9000,OPT,5,5,21.28985652273481,0.0422222222222222,37,5
data/ssb_converted/explorative.xml_13,6,9000,NAIVE,6,3,12.841637416414127,0.03703703703703698,0,2
data/ssb_converted/explorative.xml_13,6,9000,TAP,2,6,8.567390365350745,0.027777777777777735,0,1
data/ssb_converted/explorative.xml_13,6,10000,OPT,3,3,12.785478390898655,0.03333333333333329,44,3
data/ssb_converted/explorative.xml_13,6,10000,NAIVE,6,3,12.841637416414127,0.03333333333333329,0,2
data/ssb_converted/explorative.xml_13,6,10000,TAP,2,6,8.575272454098428,0.0222222222222222,0,1
data/ssb_converted/explorative.xml_14,5,1000,OPT,3,3,14.72720683146051,0.0296296296296296,3,22993
data/ssb_converted/explorative.xml_14,5,1000,NAIVE,5,2,9.85357864454885,0.0222222222222222,0,11382
data/ssb_converted/explorative.xml_14,5,1000,TAP,1,5,4.911042673979949,0.0,0,10910
data/ssb_converted/explorative.xml_14,5,2000,OPT,2,2,9.78569434478986,0.027777777777777735,8,11456
data/ssb_converted/explorative.xml_14,5,2000,NAIVE,5,2,9.85357864454885,0.0222222222222222,0,10834
data/ssb_converted/explorative.xml_14,5,2000,TAP,1,5,4.911042673979949,0.0,0,10878
data/ssb_converted/explorative.xml_14,5,3000,OPT,2,2,9.81616415748056,0.0222222222222222,16,10861
data/ssb_converted/explorative.xml_14,5,3000,NAIVE,5,2,9.85357864454885,0.0222222222222222,0,11329
data/ssb_converted/explorative.xml_14,5,3000,TAP,2,5,9.85357864454885,0.0222222222222222,0,10998
data/ssb_converted/explorative.xml_14,5,4000,OPT,3,3,14.72720683146051,0.0296296296296296,5,21906
data/ssb_converted/explorative.xml_14,5,4000,NAIVE,5,2,9.85357864454885,0.0222222222222222,0,10776
data/ssb_converted/explorative.xml_14,5,4000,TAP,2,5,9.85357864454885,0.0222222222222222,0,11310
data/ssb_converted/explorative.xml_14,5,5000,OPT,3,3,14.690815828290472,0.03703703703703698,16,10972
data/ssb_converted/explorative.xml_14,5,5000,NAIVE,5,2,9.85357864454885,0.0222222222222222,0,11279
data/ssb_converted/explorative.xml_14,5,5000,TAP,2,5,9.85357864454885,0.0222222222222222,1,11428
data/ssb_converted/explorative.xml_14,5,6000,OPT,3,3,14.690815828290472,0.03703703703703698,19,11279
data/ssb_converted/explorative.xml_14,5,6000,NAIVE,5,2,9.85357864454885,0.0222222222222222,0,11292
data/ssb_converted/explorative.xml_14,5,6000,TAP,2,5,9.85357864454885,0.0222222222222222,0,11794
data/ssb_converted/explorative.xml_14,5,7000,OPT,3,3,14.690815828290472,0.03333333333333329,19,10593
data/ssb_converted/explorative.xml_14,5,7000,NAIVE,5,2,9.85357864454885,0.0222222222222222,0,11011
data/ssb_converted/explorative.xml_14,5,7000,TAP,1,5,4.911042673979949,0.0,0,11343
data/ssb_converted/explorative.xml_14,5,8000,OPT,3,3,14.728230315358761,0.03703703703703698,16,10990
data/ssb_converted/explorative.xml_14,5,8000,NAIVE,5,2,9.85357864454885,0.0222222222222222,0,10913
data/ssb_converted/explorative.xml_14,5,8000,TAP,1,5,4.911042673979949,0.0,0,11278
data/ssb_converted/explorative.xml_14,5,9000,OPT,4,4,19.53989794988518,0.036111111111111066,8,32727
data/ssb_converted/explorative.xml_14,5,9000,NAIVE,5,2,9.85357864454885,0.0222222222222222,0,11063
data/ssb_converted/explorative.xml_14,5,9000,TAP,2,5,9.85357864454885,0.0222222222222222,0,10916
data/ssb_converted/explorative.xml_14,5,10000,OPT,2,2,9.85357864454885,0.0222222222222222,8,10682
data/ssb_converted/explorative.xml_14,5,10000,NAIVE,5,2,9.85357864454885,0.0222222222222222,0,11110
data/ssb_converted/explorative.xml_14,5,10000,TAP,1,5,4.911042673979949,0.0,0,11416
data/ssb_converted/explorative.xml_15,5,1000,OPT,5,5,24.178863907679947,0.0422222222222222,16,14
data/ssb_converted/explorative.xml_15,5,1000,NAIVE,5,4,19.415294003439712,0.036111111111111066,0,11
data/ssb_converted/explorative.xml_15,5,1000,TAP,3,5,14.590787030712491,0.03333333333333329,0,7
data/ssb_converted/explorative.xml_15,5,2000,OPT,3,3,14.590787030712491,0.03333333333333329,10,3
data/ssb_converted/explorative.xml_15,5,2000,NAIVE,5,4,19.415294003439712,0.038888888888888834,0,4
data/ssb_converted/explorative.xml_15,5,2000,TAP,3,5,14.590787030712491,0.03703703703703698,0,3
data/ssb_converted/explorative.xml_15,5,3000,OPT,4,4,19.415294003439712,0.036111111111111066,5,3
data/ssb_converted/explorative.xml_15,5,3000,NAIVE,5,4,19.415294003439712,0.036111111111111066,0,2
data/ssb_converted/explorative.xml_15,5,3000,TAP,3,5,14.590787030712491,0.03703703703703698,0,2
data/ssb_converted/explorative.xml_15,5,4000,OPT,5,5,24.178863907679947,0.04222222222222216,4,3
data/ssb_converted/explorative.xml_15,5,4000,NAIVE,5,4,19.415294003439712,0.038888888888888834,0,2
data/ssb_converted/explorative.xml_15,5,4000,TAP,2,5,9.69956971951042,0.0222222222222222,0,1
data/ssb_converted/explorative.xml_15,5,5000,OPT,2,2,9.69956971951042,0.0222222222222222,4,1
data/ssb_converted/explorative.xml_15,5,5000,NAIVE,5,4,19.415294003439712,0.036111111111111066,0,2
data/ssb_converted/explorative.xml_15,5,5000,TAP,3,5,14.590787030712491,0.03333333333333329,0,1
data/ssb_converted/explorative.xml_15,5,6000,OPT,3,3,14.590787030712491,0.03333333333333329,4,1
data/ssb_converted/explorative.xml_15,5,6000,NAIVE,5,4,19.415294003439712,0.036111111111111066,0,2
data/ssb_converted/explorative.xml_15,5,6000,TAP,2,5,9.69956971951042,0.0222222222222222,0,1
data/ssb_converted/explorative.xml_15,5,7000,OPT,5,5,24.178863907679947,0.04222222222222216,3,3
data/ssb_converted/explorative.xml_15,5,7000,NAIVE,5,4,19.415294003439712,0.038888888888888834,0,2
data/ssb_converted/explorative.xml_15,5,7000,TAP,2,5,9.69956971951042,0.0222222222222222,0,1
data/ssb_converted/explorative.xml_15,5,8000,OPT,2,2,9.736984206578711,0.0222222222222222,3,1
data/ssb_converted/explorative.xml_15,5,8000,NAIVE,5,4,19.415294003439712,0.036111111111111066,0,2
data/ssb_converted/explorative.xml_15,5,8000,TAP,3,5,14.590787030712491,0.03333333333333329,0,2
data/ssb_converted/explorative.xml_15,5,9000,OPT,3,3,14.500554110818944,0.03333333333333329,4,2
data/ssb_converted/explorative.xml_15,5,9000,NAIVE,5,4,19.415294003439712,0.038888888888888834,0,2
data/ssb_converted/explorative.xml_15,5,9000,TAP,3,5,14.590787030712491,0.03333333333333329,0,2
data/ssb_converted/explorative.xml_15,5,10000,OPT,2,2,9.736984206578711,0.0222222222222222,3,1
data/ssb_converted/explorative.xml_15,5,10000,NAIVE,5,4,19.415294003439712,0.038888888888888834,0,2
data/ssb_converted/explorative.xml_15,5,10000,TAP,3,5,14.590787030712491,0.03703703703703698,0,1
data/ssb_converted/explorative.xml_16,5,1000,OPT,4,4,19.415294003439712,0.036111111111111066,4,3
data/ssb_converted/explorative.xml_16,5,1000,NAIVE,5,4,19.415294003439712,0.038888888888888834,0,3
data/ssb_converted/explorative.xml_16,5,1000,TAP,3,5,14.590787030712491,0.03333333333333329,0,2
data/ssb_converted/explorative.xml_16,5,2000,OPT,3,3,14.590787030712491,0.03333333333333329,4,2
data/ssb_converted/explorative.xml_16,5,2000,NAIVE,5,4,19.415294003439712,0.038888888888888834,0,3
data/ssb_converted/explorative.xml_16,5,2000,TAP,2,5,9.69956971951042,0.0222222222222222,0,1
data/ssb_converted/explorative.xml_16,5,3000,OPT,5,5,24.178863907679947,0.04444444444444438,4,4
data/ssb_converted/explorative.xml_16,5,3000,NAIVE,5,4,19.415294003439712,0.036111111111111066,0,2
data/ssb_converted/explorative.xml_16,5,3000,TAP,3,5,14.590787030712491,0.03703703703703698,0,2
data/ssb_converted/explorative.xml_16,5,4000,OPT,3,3,14.590787030712491,0.03703703703703698,4,2
data/ssb_converted/explorative.xml_16,5,4000,NAIVE,5,4,19.415294003439712,0.036111111111111066,0,3
data/ssb_converted/explorative.xml_16,5,4000,TAP,2,5,9.69956971951042,0.0222222222222222,0,2
data/ssb_converted/explorative.xml_16,5,5000,OPT,5,5,24.178863907679947,0.04222222222222216,5,4
data/ssb_converted/explorative.xml_16,5,5000,NAIVE,5,4,19.415294003439712,0.036111111111111066,0,4
data/ssb_converted/explorative.xml_16,5,5000,TAP,3,5,14.590787030712491,0.03703703703703698,0,3
data/ssb_converted/explorative.xml_16,5,6000,OPT,4,4,19.415294003439712,0.036111111111111066,8,4
data/ssb_converted/explorative.xml_16,5,6000,NAIVE,5,4,19.415294003439712,0.036111111111111066,0,5
data/ssb_converted/explorative.xml_16,5,6000,TAP,2,5,9.69956971951042,0.0222222222222222,0,3
data/ssb_converted/explorative.xml_16,5,7000,OPT,2,2,9.736984206578711,0.0222222222222222,10,2
data/ssb_converted/explorative.xml_16,5,7000,NAIVE,5,4,19.415294003439712,0.038888888888888834,0,4
data/ssb_converted/explorative.xml_16,5,7000,TAP,3,5,14.590787030712491,0.03333333333333329,0,3
data/ssb_converted/explorative.xml_16,5,8000,OPT,4,4,19.415294003439712,0.036111111111111066,8,3
data/ssb_converted/explorative.xml_16,5,8000,NAIVE,5,4,19.415294003439712,0.036111111111111066,0,3
data/ssb_converted/explorative.xml_16,5,8000,TAP,3,5,14.590787030712491,0.03703703703703698,0,2
data/ssb_converted/explorative.xml_16,5,9000,OPT,4,4,19.415294003439712,0.038888888888888834,5,3
data/ssb_converted/explorative.xml_16,5,9000,NAIVE,5,4,19.415294003439712,0.036111111111111066,0,2
data/ssb_converted/explorative.xml_16,5,9000,TAP,3,5,14.590787030712491,0.03333333333333329,0,2
data/ssb_converted/explorative.xml_16,5,10000,OPT,5,5,24.178863907679947,0.04444444444444438,4,3
data/ssb_converted/explorative.xml_16,5,10000,NAIVE,5,4,19.415294003439712,0.036111111111111066,0,10
data/ssb_converted/explorative.xml_16,5,10000,TAP,3,5,14.590787030712491,0.03333333333333329,0,1
data/ssb_converted/explorative.xml_17,6,1000,OPT,5,5,24.728978553575477,0.039999999999999945,36,44746
data/ssb_converted/explorative.xml_17,6,1000,NAIVE,6,3,15.008688707009794,0.03333333333333329,1,32392
data/ssb_converted/explorative.xml_17,6,1000,TAP,1,6,5.014363305548966,0.0,0,11135
data/ssb_converted/explorative.xml_17,6,2000,OPT,3,3,14.73465315211465,0.0296296296296296,61,22373
data/ssb_converted/explorative.xml_17,6,2000,NAIVE,6,3,15.008688707009794,0.03333333333333329,0,32898
data/ssb_converted/explorative.xml_17,6,2000,TAP,1,6,5.00122201856128,0.0,0,11117
data/ssb_converted/explorative.xml_17,6,3000,OPT,2,2,9.917233768554969,0.027777777777777735,58,22284
data/ssb_converted/explorative.xml_17,6,3000,NAIVE,6,3,15.008688707009794,0.03333333333333329,0,33456
data/ssb_converted/explorative.xml_17,6,3000,TAP,1,6,5.014363305548966,0.0,0,10788
data/ssb_converted/explorative.xml_17,6,4000,OPT,4,4,19.727756535014198,0.036111111111111066,58,32815
data/ssb_converted/explorative.xml_17,6,4000,NAIVE,6,3,15.008688707009794,0.03333333333333329,1,32999
data/ssb_converted/explorative.xml_17,6,4000,TAP,1,6,5.00122201856128,0.0,0,11352
data/ssb_converted/explorative.xml_17,6,5000,OPT,6,6,29.631849016581477,0.042592592592592536,65,54941
data/ssb_converted/explorative.xml_17,6,5000,NAIVE,6,3,15.008688707009794,0.03333333333333329,1,32656
data/ssb_converted/explorative.xml_17,6,5000,TAP,1,6,5.00122201856128,0.0,0,11455
data/ssb_converted/explorative.xml_17,6,6000,OPT,5,5,24.807342043854256,0.04222222222222216,57,54894
data/ssb_converted/explorative.xml_17,6,6000,NAIVE,6,3,15.008688707009794,0.03333333333333329,0,33268
data/ssb_converted/explorative.xml_17,6,6000,TAP,1,6,4.993103382899548,0.0,0,11671
data/ssb_converted/explorative.xml_17,6,7000,OPT,5,5,24.807342043854256,0.039999999999999945,58,55941
data/ssb_converted/explorative.xml_17,6,7000,NAIVE,6,3,15.008688707009794,0.03333333333333329,0,33042
data/ssb_converted/explorative.xml_17,6,7000,TAP,1,6,5.014363305548966,0.0,0,11084
data/ssb_converted/explorative.xml_17,6,8000,OPT,5,5,24.728978553575477,0.039999999999999945,62,43878
data/ssb_converted/explorative.xml_17,6,8000,NAIVE,6,3,15.008688707009794,0.03333333333333329,0,32996
data/ssb_converted/explorative.xml_17,6,8000,TAP,1,6,4.993103382899548,0.0,0,10939
data/ssb_converted/explorative.xml_17,6,9000,OPT,2,2,9.838870278276186,0.0222222222222222,57,11157
data/ssb_converted/explorative.xml_17,6,9000,NAIVE,6,3,15.008688707009794,0.03703703703703698,0,32476
data/ssb_converted/explorative.xml_17,6,9000,TAP,1,6,4.993103382899548,0.0,0,11127
data/ssb_converted/explorative.xml_17,6,10000,OPT,5,5,24.63874563368193,0.039999999999999945,59,43854
data/ssb_converted/explorative.xml_17,6,10000,NAIVE,6,3,15.008688707009794,0.03333333333333329,0,32983
data/ssb_converted/explorative.xml_17,6,10000,TAP,1,6,5.014363305548966,0.0,0,10997
data/ssb_converted/explorative.xml_18,5,1000,OPT,4,4,19.415294003439712,0.038888888888888834,16,10
data/ssb_converted/explorative.xml_18,5,1000,NAIVE,5,4,19.415294003439712,0.038888888888888834,0,9
data/ssb_converted/explorative.xml_18,5,1000,TAP,3,5,14.590787030712491,0.03703703703703698,0,7
data/ssb_converted/explorative.xml_18,5,2000,OPT,2,2,9.686428432522733,0.0222222222222222,13,2
data/ssb_converted/explorative.xml_18,5,2000,NAIVE,5,4,19.415294003439712,0.038888888888888834,0,5
data/ssb_converted/explorative.xml_18,5,2000,TAP,3,5,14.590787030712491,0.03703703703703698,0,3
data/ssb_converted/explorative.xml_18,5,3000,OPT,3,3,14.561491179305932,0.0296296296296296,8,2
data/ssb_converted/explorative.xml_18,5,3000,NAIVE,5,4,19.415294003439712,0.038888888888888834,0,3
data/ssb_converted/explorative.xml_18,5,3000,TAP,3,5,14.590787030712491,0.03333333333333329,0,2
data/ssb_converted/explorative.xml_18,5,4000,OPT,2,2,9.686428432522733,0.0222222222222222,5,1
data/ssb_converted/explorative.xml_18,5,4000,NAIVE,5,4,19.415294003439712,0.038888888888888834,0,2
data/ssb_converted/explorative.xml_18,5,4000,TAP,3,5,14.590787030712491,0.03333333333333329,0,1
data/ssb_converted/explorative.xml_18,5,5000,OPT,5,5,24.178863907679947,0.04222222222222216,3,3
data/ssb_converted/explorative.xml_18,5,5000,NAIVE,5,4,19.415294003439712,0.036111111111111066,0,2
data/ssb_converted/explorative.xml_18,5,5000,TAP,2,5,9.69956971951042,0.0222222222222222,0,0
data/ssb_converted/explorative.xml_18,5,6000,OPT,5,5,24.178863907679947,0.0422222222222222,3,2
data/ssb_converted/explorative.xml_18,5,6000,NAIVE,5,4,19.415294003439712,0.036111111111111066,0,2
data/ssb_converted/explorative.xml_18,5,6000,TAP,3,5,14.590787030712491,0.03333333333333329,0,1
data/ssb_converted/explorative.xml_18,5,7000,OPT,4,4,19.415294003439712,0.038888888888888834,3,2
data/ssb_converted/explorative.xml_18,5,7000,NAIVE,5,4,19.415294003439712,0.038888888888888834,0,3
data/ssb_converted/explorative.xml_18,5,7000,TAP,2,5,9.69956971951042,0.0222222222222222,0,1
data/ssb_converted/explorative.xml_18,5,8000,OPT,3,3,14.590787030712491,0.03333333333333329,4,2
data/ssb_converted/explorative.xml_18,5,8000,NAIVE,5,4,19.415294003439712,0.036111111111111066,0,2
data/ssb_converted/explorative.xml_18,5,8000,TAP,3,5,14.590787030712491,0.03333333333333329,0,1
data/ssb_converted/explorative.xml_18,5,9000,OPT,2,2,9.69956971951042,0.0222222222222222,3,1
data/ssb_converted/explorative.xml_18,5,9000,NAIVE,5,4,19.415294003439712,0.036111111111111066,0,2
data/ssb_converted/explorative.xml_18,5,9000,TAP,3,5,14.590787030712491,0.03333333333333329,0,1
data/ssb_converted/explorative.xml_18,5,10000,OPT,4,4,19.415294003439712,0.036111111111111066,3,2
data/ssb_converted/explorative.xml_18,5,10000,NAIVE,5,4,19.415294003439712,0.038888888888888834,0,2
data/ssb_converted/explorative.xml_18,5,10000,TAP,3,5,14.590787030712491,0.03333333333333329,0,1
data/ssb_converted/explorative.xml_19,5,1000,OPT,5,5,24.178863907679947,0.039999999999999945,3,3
data/ssb_converted/explorative.xml_19,5,1000,NAIVE,5,4,19.415294003439712,0.036111111111111066,0,2
data/ssb_converted/explorative.xml_19,5,1000,TAP,3,5,14.590787030712491,0.03333333333333329,0,1
data/ssb_converted/explorative.xml_19,5,2000,OPT,3,3,14.449998336762967,0.03333333333333329,3,1
data/ssb_converted/explorative.xml_19,5,2000,NAIVE,5,4,19.415294003439712,0.036111111111111066,0,1
data/ssb_converted/explorative.xml_19,5,2000,TAP,3,5,14.590787030712491,0.03703703703703698,0,1
data/ssb_converted/explorative.xml_19,5,3000,OPT,3,3,14.561491179305932,0.0296296296296296,3,1
data/ssb_converted/explorative.xml_19,5,3000,NAIVE,5,4,19.415294003439712,0.038888888888888834,0,2
data/ssb_converted/explorative.xml_19,5,3000,TAP,3,5,14.590787030712491,0.03333333333333329,0,1
data/ssb_converted/explorative.xml_19,5,4000,OPT,2,2,9.715724283929292,0.027777777777777735,4,1
data/ssb_converted/explorative.xml_19,5,4000,NAIVE,5,4,19.415294003439712,0.038888888888888834,0,2
data/ssb_converted/explorative.xml_19,5,4000,TAP,2,5,9.69956971951042,0.0222222222222222,0,1
data/ssb_converted/explorative.xml_19,5,5000,OPT,2,2,9.736984206578711,0.0222222222222222,3,1
data/ssb_converted/explorative.xml_19,5,5000,NAIVE,5,4,19.415294003439712,0.036111111111111066,0,2
data/ssb_converted/explorative.xml_19,5,5000,TAP,3,5,14.590787030712491,0.03333333333333329,0,1
data/ssb_converted/explorative.xml_19,5,6000,OPT,5,5,24.178863907679947,0.04444444444444442,3,3
data/ssb_converted/explorative.xml_19,5,6000,NAIVE,5,4,19.415294003439712,0.038888888888888834,0,2
data/ssb_converted/explorative.xml_19,5,6000,TAP,3,5,14.590787030712491,0.03333333333333329,0,2
data/ssb_converted/explorative.xml_19,5,7000,OPT,2,2,9.686428432522733,0.0222222222222222,4,1
data/ssb_converted/explorative.xml_19,5,7000,NAIVE,5,4,19.415294003439712,0.036111111111111066,0,2
data/ssb_converted/explorative.xml_19,5,7000,TAP,2,5,9.69956971951042,0.0222222222222222,0,1
data/ssb_converted/explorative.xml_19,5,8000,OPT,3,3,14.561491179305932,0.0296296296296296,4,2
data/ssb_converted/explorative.xml_19,5,8000,NAIVE,5,4,19.415294003439712,0.038888888888888834,0,2
data/ssb_converted/explorative.xml_19,5,8000,TAP,2,5,9.69956971951042,0.0222222222222222,0,1
data/ssb_converted/explorative.xml_19,5,9000,OPT,5,5,24.178863907679947,0.039999999999999945,6,4
data/ssb_converted/explorative.xml_19,5,9000,NAIVE,5,4,19.415294003439712,0.038888888888888834,0,2
data/ssb_converted/explorative.xml_19,5,9000,TAP,3,5,14.590787030712491,0.03333333333333329,0,1
data/ssb_converted/explorative.xml_19,5,10000,OPT,4,4,19.325061083546167,0.036111111111111066,4,2
data/ssb_converted/explorative.xml_19,5,10000,NAIVE,5,4,19.415294003439712,0.038888888888888834,0,2
data/ssb_converted/explorative.xml_19,5,10000,TAP,3,5,14.590787030712491,0.03333333333333329,0,1
data/ssb_converted/explorative.xml_20,5,1000,OPT,2,2,9.728865570916978,0.027777777777777735,4,1
data/ssb_converted/explorative.xml_20,5,1000,NAIVE,5,4,19.415294003439712,0.036111111111111066,0,2
data/ssb_converted/explorative.xml_20,5,1000,TAP,2,5,9.69956971951042,0.0222222222222222,0,1
data/ssb_converted/explorative.xml_20,5,2000,OPT,4,4,19.415294003439712,0.038888888888888834,4,2
data/ssb_converted/explorative.xml_20,5,2000,NAIVE,5,4,19.415294003439712,0.038888888888888834,0,2
data/ssb_converted/explorative.xml_20,5,2000,TAP,3,5,14.590787030712491,0.03333333333333329,0,1
data/ssb_converted/explorative.xml_20,5,3000,OPT,2,2,9.736984206578711,0.0222222222222222,4,1
data/ssb_converted/explorative.xml_20,5,3000,NAIVE,5,4,19.415294003439712,0.038888888888888834,0,2
data/ssb_converted/explorative.xml_20,5,3000,TAP,2,5,9.69956971951042,0.0222222222222222,0,1
data/ssb_converted/explorative.xml_20,5,4000,OPT,4,4,19.415294003439712,0.036111111111111066,3,2
data/ssb_converted/explorative.xml_20,5,4000,NAIVE,5,4,19.415294003439712,0.038888888888888834,0,1
data/ssb_converted/explorative.xml_20,5,4000,TAP,2,5,9.69956971951042,0.0222222222222222,0,0
data/ssb_converted/explorative.xml_20,5,5000,OPT,3,3,14.561491179305932,0.0296296296296296,3,1
data/ssb_converted/explorative.xml_20,5,5000,NAIVE,5,4,19.415294003439712,0.038888888888888834,0,2
data/ssb_converted/explorative.xml_20,5,5000,TAP,2,5,9.69956971951042,0.0222222222222222,0,1
data/ssb_converted/explorative.xml_20,5,6000,OPT,4,4,19.415294003439712,0.038888888888888834,11,2
data/ssb_converted/explorative.xml_20,5,6000,NAIVE,5,4,19.415294003439712,0.038888888888888834,0,2
data/ssb_converted/explorative.xml_20,5,6000,TAP,3,5,14.590787030712491,0.03703703703703698,0,13
data/ssb_converted/explorative.xml_20,5,7000,OPT,2,2,9.715724283929292,0.027777777777777735,4,1
data/ssb_converted/explorative.xml_20,5,7000,NAIVE,5,4,19.415294003439712,0.038888888888888834,0,2
data/ssb_converted/explorative.xml_20,5,7000,TAP,2,5,9.69956971951042,0.0222222222222222,0,1
data/ssb_converted/explorative.xml_20,5,8000,OPT,5,5,24.178863907679947,0.04222222222222216,6,7
data/ssb_converted/explorative.xml_20,5,8000,NAIVE,5,4,19.415294003439712,0.038888888888888834,0,1
data/ssb_converted/explorative.xml_20,5,8000,TAP,3,5,14.590787030712491,0.03333333333333329,0,1
data/ssb_converted/explorative.xml_20,5,9000,OPT,3,3,14.590787030712491,0.03333333333333329,3,2
data/ssb_converted/explorative.xml_20,5,9000,NAIVE,5,4,19.415294003439712,0.038888888888888834,0,2
data/ssb_converted/explorative.xml_20,5,9000,TAP,2,5,9.69956971951042,0.0222222222222222,0,1
data/ssb_converted/explorative.xml_20,5,10000,OPT,4,4,19.415294003439712,0.038888888888888834,4,2
data/ssb_converted/explorative.xml_20,5,10000,NAIVE,5,4,19.415294003439712,0.038888888888888834,0,2
data/ssb_converted/explorative.xml_20,5,10000,TAP,3,5,14.590787030712491,0.03703703703703698,0,1
data/ssb_converted/explorative.xml_21,5,1000,OPT,5,5,24.178863907679947,0.04222222222222216,7,3
data/ssb_converted/explorative.xml_21,5,1000,NAIVE,5,4,19.415294003439712,0.038888888888888834,0,2
data/ssb_converted/explorative.xml_21,5,1000,TAP,3,5,14.590787030712491,0.03333333333333329,0,2
data/ssb_converted/explorative.xml_21,5,2000,OPT,4,4,19.415294003439712,0.038888888888888834,4,2
data/ssb_converted/explorative.xml_21,5,2000,NAIVE,5,4,19.415294003439712,0.038888888888888834,0,1
data/ssb_converted/explorative.xml_21,5,2000,TAP,3,5,14.590787030712491,0.03333333333333329,0,1
data/ssb_converted/explorative.xml_21,5,3000,OPT,3,3,14.449998336762967,0.03703703703703698,3,2
data/ssb_converted/explorative.xml_21,5,3000,NAIVE,5,4,19.415294003439712,0.038888888888888834,0,2
data/ssb_converted/explorative.xml_21,5,3000,TAP,3,5,14.590787030712491,0.03333333333333329,0,2
data/ssb_converted/explorative.xml_21,5,4000,OPT,4,4,19.415294003439712,0.038888888888888834,4,2
data/ssb_converted/explorative.xml_21,5,4000,NAIVE,5,4,19.415294003439712,0.038888888888888834,0,2
data/ssb_converted/explorative.xml_21,5,4000,TAP,3,5,14.590787030712491,0.03333333333333329,0,1
data/ssb_converted/explorative.xml_21,5,5000,OPT,5,5,24.178863907679947,0.04444444444444438,4,2
data/ssb_converted/explorative.xml_21,5,5000,NAIVE,5,4,19.415294003439712,0.038888888888888834,0,2
data/ssb_converted/explorative.xml_21,5,5000,TAP,3,5,14.590787030712491,0.03333333333333329,0,2
data/ssb_converted/explorative.xml_21,5,6000,OPT,3,3,14.561491179305932,0.0296296296296296,4,2
data/ssb_converted/explorative.xml_21,5,6000,NAIVE,5,4,19.415294003439712,0.036111111111111066,0,2
data/ssb_converted/explorative.xml_21,5,6000,TAP,2,5,9.69956971951042,0.0222222222222222,0,1
data/ssb_converted/explorative.xml_21,5,7000,OPT,4,4,19.415294003439712,0.038888888888888834,4,3
data/ssb_converted/explorative.xml_21,5,7000,NAIVE,5,4,19.415294003439712,0.036111111111111066,0,2
data/ssb_converted/explorative.xml_21,5,7000,TAP,3,5,14.590787030712491,0.03333333333333329,0,2
data/ssb_converted/explorative.xml_21,5,8000,OPT,3,3,14.590787030712491,0.03703703703703698,4,2
data/ssb_converted/explorative.xml_21,5,8000,NAIVE,5,4,19.415294003439712,0.038888888888888834,0,2
data/ssb_converted/explorative.xml_21,5,8000,TAP,3,5,14.590787030712491,0.03333333333333329,0,1
data/ssb_converted/explorative.xml_21,5,9000,OPT,2,2,9.728865570916978,0.027777777777777735,4,1
data/ssb_converted/explorative.xml_21,5,9000,NAIVE,5,4,19.415294003439712,0.038888888888888834,0,2
data/ssb_converted/explorative.xml_21,5,9000,TAP,2,5,9.69956971951042,0.0222222222222222,0,1
data/ssb_converted/explorative.xml_21,5,10000,OPT,3,3,14.5533725436442,0.03333333333333329,4,2
data/ssb_converted/explorative.xml_21,5,10000,NAIVE,5,4,19.415294003439712,0.036111111111111066,0,2
data/ssb_converted/explorative.xml_21,5,10000,TAP,2,5,9.69956971951042,0.0222222222222222,0,1
data/ssb_converted/explorative.xml_22,5,1000,OPT,5,5,24.178863907679947,0.04444444444444442,3,3
data/ssb_converted/explorative.xml_22,5,1000,NAIVE,5,4,19.415294003439712,0.038888888888888834,0,2
data/ssb_converted/explorative.xml_22,5,1000,TAP,3,5,14.590787030712491,0.03333333333333329,0,1
data/ssb_converted/explorative.xml_22,5,2000,OPT,3,3,14.561491179305932,0.0296296296296296,3,1
data/ssb_converted/explorative.xml_22,5,2000,NAIVE,5,4,19.415294003439712,0.036111111111111066,0,2
data/ssb_converted/explorative.xml_22,5,2000,TAP,3,5,14.590787030712491,0.03333333333333329,0,1
data/ssb_converted/explorative.xml_22,5,3000,OPT,3,3,14.5533725436442,0.03333333333333329,3,1
data/ssb_converted/explorative.xml_22,5,3000,NAIVE,5,4,19.415294003439712,0.038888888888888834,0,2
data/ssb_converted/explorative.xml_22,5,3000,TAP,3,5,14.590787030712491,0.03333333333333329,0,1
data/ssb_converted/explorative.xml_22,5,4000,OPT,5,5,24.178863907679947,0.04222222222222216,3,2
data/ssb_converted/explorative.xml_22,5,4000,NAIVE,5,4,19.415294003439712,0.036111111111111066,0,2
data/ssb_converted/explorative.xml_22,5,4000,TAP,2,5,9.69956971951042,0.0222222222222222,0,1
data/ssb_converted/explorative.xml_22,5,5000,OPT,2,2,9.736984206578711,0.0222222222222222,6,1
data/ssb_converted/explorative.xml_22,5,5000,NAIVE,5,4,19.415294003439712,0.038888888888888834,0,2
data/ssb_converted/explorative.xml_22,5,5000,TAP,3,5,14.590787030712491,0.03703703703703698,0,1
data/ssb_converted/explorative.xml_22,5,6000,OPT,3,3,14.5533725436442,0.03333333333333329,3,1
data/ssb_converted/explorative.xml_22,5,6000,NAIVE,5,4,19.415294003439712,0.036111111111111066,0,2
data/ssb_converted/explorative.xml_22,5,6000,TAP,3,5,14.590787030712491,0.03333333333333329,0,1
data/ssb_converted/explorative.xml_22,5,7000,OPT,2,2,9.686428432522733,0.0222222222222222,3,1
data/ssb_converted/explorative.xml_22,5,7000,NAIVE,5,4,19.415294003439712,0.036111111111111066,0,2
data/ssb_converted/explorative.xml_22,5,7000,TAP,3,5,14.590787030712491,0.03333333333333329,0,1
data/ssb_converted/explorative.xml_22,5,8000,OPT,3,3,14.5533725436442,0.03333333333333329,3,1
data/ssb_converted/explorative.xml_22,5,8000,NAIVE,5,4,19.415294003439712,0.038888888888888834,0,1
data/ssb_converted/explorative.xml_22,5,8000,TAP,3,5,14.590787030712491,0.03333333333333329,0,1
data/ssb_converted/explorative.xml_22,5,9000,OPT,2,2,9.686428432522733,0.0222222222222222,3,1
data/ssb_converted/explorative.xml_22,5,9000,NAIVE,5,4,19.415294003439712,0.036111111111111066,0,2
data/ssb_converted/explorative.xml_22,5,9000,TAP,3,5,14.590787030712491,0.03333333333333329,0,2
data/ssb_converted/explorative.xml_22,5,10000,OPT,2,2,9.686428432522733,0.0222222222222222,3,1
data/ssb_converted/explorative.xml_22,5,10000,NAIVE,5,4,19.415294003439712,0.036111111111111066,0,2
data/ssb_converted/explorative.xml_22,5,10000,TAP,3,5,14.590787030712491,0.03703703703703698,0,3
data/ssb_converted/explorative.xml_23,7,1000,OPT,4,4,17.31027816555448,0.04166666666666666,339,2
data/ssb_converted/explorative.xml_23,7,1000,NAIVE,7,5,21.705305423420135,0.04444444444444442,0,3
data/ssb_converted/explorative.xml_23,7,1000,TAP,3,7,13.102487333768252,0.03333333333333329,0,2
data/ssb_converted/explorative.xml_23,7,2000,OPT,6,6,25.97907700974035,0.04629629629629626,318,3
data/ssb_converted/explorative.xml_23,7,2000,NAIVE,7,5,21.705305423420135,0.04444444444444438,0,2
data/ssb_converted/explorative.xml_23,7,2000,TAP,3,7,13.102487333768252,0.03333333333333329,0,2
data/ssb_converted/explorative.xml_23,7,3000,OPT,6,6,25.890432099169537,0.042592592592592536,329,4
data/ssb_converted/explorative.xml_23,7,3000,NAIVE,7,5,21.705305423420135,0.046666666666666676,0,2
data/ssb_converted/explorative.xml_23,7,3000,TAP,3,7,13.102487333768252,0.03703703703703698,0,1
data/ssb_converted/explorative.xml_23,7,4000,OPT,6,6,25.97907700974035,0.04814814814814814,335,3
data/ssb_converted/explorative.xml_23,7,4000,NAIVE,7,5,21.705305423420135,0.04444444444444438,0,2
data/ssb_converted/explorative.xml_23,7,4000,TAP,3,7,13.043610385438278,0.03333333333333329,0,1
data/ssb_converted/explorative.xml_23,7,5000,OPT,7,7,30.19048218258823,0.046031746031745965,331,5
data/ssb_converted/explorative.xml_23,7,5000,NAIVE,7,5,21.705305423420135,0.046666666666666634,0,2
data/ssb_converted/explorative.xml_23,7,5000,TAP,3,7,13.102487333768252,0.03703703703703698,0,1
data/ssb_converted/explorative.xml_23,7,6000,OPT,4,4,17.298779539440254,0.04166666666666666,318,2
data/ssb_converted/explorative.xml_23,7,6000,NAIVE,7,5,21.705305423420135,0.046666666666666676,0,2
data/ssb_converted/explorative.xml_23,7,6000,TAP,3,7,13.046328308252779,0.03333333333333329,0,1
data/ssb_converted/explorative.xml_23,7,7000,OPT,4,4,17.257733481100658,0.036111111111111066,329,2
data/ssb_converted/explorative.xml_23,7,7000,NAIVE,7,5,21.705305423420135,0.046666666666666634,0,3
data/ssb_converted/explorative.xml_23,7,7000,TAP,3,7,13.043610385438278,0.03333333333333329,0,1
data/ssb_converted/explorative.xml_23,7,8000,OPT,4,4,17.320099894572994,0.036111111111111066,325,3
data/ssb_converted/explorative.xml_23,7,8000,NAIVE,7,5,21.705305423420135,0.046666666666666634,0,7
data/ssb_converted/explorative.xml_23,7,8000,TAP,3,7,13.102487333768252,0.03703703703703698,0,2
data/ssb_converted/explorative.xml_23,7,9000,OPT,5,5,21.705305423420135,0.04444444444444442,328,3
data/ssb_converted/explorative.xml_23,7,9000,NAIVE,7,5,21.705305423420135,0.046666666666666634,0,2
data/ssb_converted/explorative.xml_23,7,9000,TAP,3,7,13.102487333768252,0.03333333333333329,0,1
data/ssb_converted/explorative.xml_23,7,10000,OPT,6,6,25.97907700974035,0.04629629629629626,344,8
data/ssb_converted/explorative.xml_23,7,10000,NAIVE,7,5,21.705305423420135,0.04444444444444438,0,2
data/ssb_converted/explorative.xml_23,7,10000,TAP,3,7,13.039224502048764,0.040740740740740744,0,1
data/ssb_converted/explorative.xml_24,6,1000,OPT,2,2,8.514978143398341,0.0222222222222222,35,2
data/ssb_converted/explorative.xml_24,6,1000,NAIVE,6,3,12.841637416414127,0.03333333333333329,0,2
data/ssb_converted/explorative.xml_24,6,1000,TAP,2,6,8.575272454098428,0.0222222222222222,0,1
data/ssb_converted/explorative.xml_24,6,2000,OPT,5,5,21.292574445549313,0.04444444444444438,46,4
data/ssb_converted/explorative.xml_24,6,2000,NAIVE,6,3,12.841637416414127,0.03703703703703698,0,2
data/ssb_converted/explorative.xml_24,6,2000,TAP,2,6,8.575272454098428,0.0222222222222222,0,1
data/ssb_converted/explorative.xml_24,6,3000,OPT,4,4,17.051843353214352,0.0416666666666666,38,4
data/ssb_converted/explorative.xml_24,6,3000,NAIVE,6,3,12.841637416414127,0.03333333333333329,0,3
data/ssb_converted/explorative.xml_24,6,3000,TAP,2,6,8.575272454098428,0.0222222222222222,0,5
data/ssb_converted/explorative.xml_24,6,4000,OPT,3,3,12.78134310571404,0.03333333333333329,36,3
data/ssb_converted/explorative.xml_24,6,4000,NAIVE,6,3,12.841637416414127,0.03333333333333329,0,4
data/ssb_converted/explorative.xml_24,6,4000,TAP,2,6,8.575272454098428,0.0222222222222222,0,2
data/ssb_converted/explorative.xml_24,6,5000,OPT,4,4,17.026209483233615,0.036111111111111066,41,4
data/ssb_converted/explorative.xml_24,6,5000,NAIVE,6,3,12.841637416414127,0.03333333333333329,0,4
data/ssb_converted/explorative.xml_24,6,5000,TAP,2,6,8.575272454098428,0.0222222222222222,0,2
data/ssb_converted/explorative.xml_24,6,6000,OPT,5,5,21.292574445549313,0.0422222222222222,38,6
data/ssb_converted/explorative.xml_24,6,6000,NAIVE,6,3,12.841637416414127,0.03333333333333329,0,3
data/ssb_converted/explorative.xml_24,6,6000,TAP,2,6,8.575272454098428,0.0222222222222222,0,1
data/ssb_converted/explorative.xml_24,6,7000,OPT,4,4,17.082368508749084,0.036111111111111066,57,4
data/ssb_converted/explorative.xml_24,6,7000,NAIVE,6,3,12.841637416414127,0.03703703703703698,0,2
data/ssb_converted/explorative.xml_24,6,7000,TAP,2,6,8.567390365350745,0.027777777777777735,0,1
data/ssb_converted/explorative.xml_24,6,8000,OPT,5,5,21.292574445549313,0.039999999999999945,41,6
data/ssb_converted/explorative.xml_24,6,8000,NAIVE,6,3,12.841637416414127,0.03703703703703698,0,3
data/ssb_converted/explorative.xml_24,6,8000,TAP,2,6,8.575272454098428,0.0222222222222222,0,2
data/ssb_converted/explorative.xml_24,6,9000,OPT,4,4,17.051843353214352,0.044444444444444425,40,4
data/ssb_converted/explorative.xml_24,6,9000,NAIVE,6,3,12.841637416414127,0.03333333333333329,0,3
data/ssb_converted/explorative.xml_24,6,9000,TAP,2,6,8.575272454098428,0.0222222222222222,0,1
data/ssb_converted/explorative.xml_24,6,10000,OPT,4,4,17.01832739448593,0.0416666666666666,44,4
data/ssb_converted/explorative.xml_24,6,10000,NAIVE,6,3,12.841637416414127,0.03703703703703698,0,2
data/ssb_converted/explorative.xml_24,6,10000,TAP,2,6,8.575272454098428,0.0222222222222222,0,1
data/ssb_converted/explorative.xml_25,6,1000,OPT,2,2,8.499784324179494,0.0222222222222222,37,1
data/ssb_converted/explorative.xml_25,6,1000,NAIVE,6,3,12.73682336700811,0.03703703703703698,0,1
data/ssb_converted/explorative.xml_25,6,1000,TAP,2,6,8.499784324179494,0.0222222222222222,0,1
data/ssb_converted/explorative.xml_25,6,2000,OPT,4,4,16.8849657081365,0.0416666666666666,35,2
data/ssb_converted/explorative.xml_25,6,2000,NAIVE,6,3,12.73682336700811,0.03333333333333329,0,1
data/ssb_converted/explorative.xml_25,6,2000,TAP,2,6,8.499784324179494,0.0222222222222222,0,1
data/ssb_converted/explorative.xml_25,6,3000,OPT,6,6,25.30727065166778,0.04629629629629626,42,3
data/ssb_converted/explorative.xml_25,6,3000,NAIVE,6,3,12.73682336700811,0.03333333333333329,0,1
data/ssb_converted/explorative.xml_25,6,3000,TAP,2,6,8.492680517975476,0.027777777777777735,0,1
data/ssb_converted/explorative.xml_25,6,4000,OPT,5,5,21.070231608839162,0.04444444444444438,40,3
data/ssb_converted/explorative.xml_25,6,4000,NAIVE,6,3,12.73682336700811,0.03703703703703698,0,1
data/ssb_converted/explorative.xml_25,6,4000,TAP,2,6,8.492680517975476,0.027777777777777735,0,1
data/ssb_converted/explorative.xml_25,6,5000,OPT,3,3,12.73682336700811,0.03703703703703698,45,2
data/ssb_converted/explorative.xml_25,6,5000,NAIVE,6,3,12.73682336700811,0.03333333333333329,0,2
data/ssb_converted/explorative.xml_25,6,5000,TAP,2,6,8.499784324179494,0.0222222222222222,0,1
data/ssb_converted/explorative.xml_25,6,6000,OPT,4,4,16.882247785322,0.038888888888888834,41,2
data/ssb_converted/explorative.xml_25,6,6000,NAIVE,6,3,12.73682336700811,0.03333333333333329,0,1
data/ssb_converted/explorative.xml_25,6,6000,TAP,2,6,8.492680517975476,0.027777777777777735,0,1
data/ssb_converted/explorative.xml_25,6,7000,OPT,2,2,8.467046647994739,0.0222222222222222,43,1
data/ssb_converted/explorative.xml_25,6,7000,NAIVE,6,3,12.73682336700811,0.03333333333333329,0,1
data/ssb_converted/explorative.xml_25,6,7000,TAP,2,6,8.492680517975476,0.027777777777777735,0,1
data/ssb_converted/explorative.xml_25,6,8000,OPT,4,4,16.889351591526015,0.036111111111111066,37,2
data/ssb_converted/explorative.xml_25,6,8000,NAIVE,6,3,12.73682336700811,0.03333333333333329,0,1
data/ssb_converted/explorative.xml_25,6,8000,TAP,2,6,8.492680517975476,0.027777777777777735,0,1
data/ssb_converted/explorative.xml_25,6,9000,OPT,4,4,16.873467082022277,0.04166666666666666,39,2
data/ssb_converted/explorative.xml_25,6,9000,NAIVE,6,3,12.73682336700811,0.03703703703703698,0,1
data/ssb_converted/explorative.xml_25,6,9000,TAP,2,6,8.499784324179494,0.0222222222222222,0,1
data/ssb_converted/explorative.xml_25,6,10000,OPT,5,5,21.129108557169136,0.039999999999999945,37,3
data/ssb_converted/explorative.xml_25,6,10000,NAIVE,6,3,12.73682336700811,0.03333333333333329,0,1
data/ssb_converted/explorative.xml_25,6,10000,TAP,2,6,8.499784324179494,0.0222222222222222,0,1
data/ssb_converted/explorative.xml_26,5,1000,OPT,4,4,19.551666531250948,0.036111111111111066,3,44304
data/ssb_converted/explorative.xml_26,5,1000,NAIVE,5,4,19.551666531250948,0.036111111111111066,0,45041
data/ssb_converted/explorative.xml_26,5,1000,TAP,1,5,4.866469314014312,0.0,0,10638
data/ssb_converted/explorative.xml_26,5,2000,OPT,3,3,14.647916748302407,0.03333333333333329,17,33395
data/ssb_converted/explorative.xml_26,5,2000,NAIVE,5,4,19.551666531250948,0.038888888888888834,0,44001
data/ssb_converted/explorative.xml_26,5,2000,TAP,1,5,4.866469314014312,0.0,0,10950
data/ssb_converted/explorative.xml_26,5,3000,OPT,4,4,19.551666531250948,0.038888888888888834,16,44061
data/ssb_converted/explorative.xml_26,5,3000,NAIVE,5,4,19.551666531250948,0.038888888888888834,0,43943
data/ssb_converted/explorative.xml_26,5,3000,TAP,1,5,4.916001604172036,0.0,0,10649
data/ssb_converted/explorative.xml_26,5,4000,OPT,5,5,24.356175292880017,0.04222222222222216,17,54991
data/ssb_converted/explorative.xml_26,5,4000,NAIVE,5,4,19.551666531250948,0.038888888888888834,0,44309
data/ssb_converted/explorative.xml_26,5,4000,TAP,1,5,4.903749782948542,0.0,0,10722
data/ssb_converted/explorative.xml_26,5,5000,OPT,5,5,24.356175292880017,0.04222222222222216,17,55005
data/ssb_converted/explorative.xml_26,5,5000,NAIVE,5,4,19.551666531250948,0.036111111111111066,0,44321
data/ssb_converted/explorative.xml_26,5,5000,TAP,1,5,4.903749782948542,0.0,0,11017
data/ssb_converted/explorative.xml_26,5,6000,OPT,5,5,24.356175292880017,0.04222222222222216,22,55589
data/ssb_converted/explorative.xml_26,5,6000,NAIVE,5,4,19.551666531250948,0.038888888888888834,1,44215
data/ssb_converted/explorative.xml_26,5,6000,TAP,1,5,4.866469314014312,0.0,0,11200
data/ssb_converted/explorative.xml_26,5,7000,OPT,3,3,14.685197217236636,0.0296296296296296,18,32931
data/ssb_converted/explorative.xml_26,5,7000,NAIVE,5,4,19.551666531250948,0.038888888888888834,0,44095
data/ssb_converted/explorative.xml_26,5,7000,TAP,1,5,4.916001604172036,0.0,0,10940
data/ssb_converted/explorative.xml_26,5,8000,OPT,5,5,24.356175292880017,0.0422222222222222,17,54812
data/ssb_converted/explorative.xml_26,5,8000,NAIVE,5,4,19.551666531250948,0.036111111111111066,0,48138
data/ssb_converted/explorative.xml_26,5,8000,TAP,1,5,4.903749782948542,0.0,0,11182
data/ssb_converted/explorative.xml_26,5,9000,OPT,3,3,14.647916748302407,0.03703703703703698,7,34402
data/ssb_converted/explorative.xml_26,5,9000,NAIVE,5,4,19.551666531250948,0.036111111111111066,0,44520
data/ssb_converted/explorative.xml_26,5,9000,TAP,1,5,4.866469314014312,0.0,0,11056
data/ssb_converted/explorative.xml_26,5,10000,OPT,5,5,24.356175292880017,0.04222222222222216,10,54962
data/ssb_converted/explorative.xml_26,5,10000,NAIVE,5,4,19.551666531250948,0.036111111111111066,1,43659
data/ssb_converted/explorative.xml_26,5,10000,TAP,1,5,4.903749782948542,0.0,1,12336
data/ssb_converted/explorative.xml_27,5,1000,OPT,3,3,14.561491179305932,0.0296296296296296,19,6
data/ssb_converted/explorative.xml_27,5,1000,NAIVE,5,4,19.415294003439712,0.036111111111111066,0,7
data/ssb_converted/explorative.xml_27,5,1000,TAP,3,5,14.590787030712491,0.03703703703703698,0,5
data/ssb_converted/explorative.xml_27,5,2000,OPT,3,3,14.5533725436442,0.03333333333333329,9,21
data/ssb_converted/explorative.xml_27,5,2000,NAIVE,5,4,19.415294003439712,0.038888888888888834,0,1
data/ssb_converted/explorative.xml_27,5,2000,TAP,3,5,14.590787030712491,0.03333333333333329,0,1
data/ssb_converted/explorative.xml_27,5,3000,OPT,2,2,9.686428432522733,0.0222222222222222,3,1
data/ssb_converted/explorative.xml_27,5,3000,NAIVE,5,4,19.415294003439712,0.036111111111111066,0,2
data/ssb_converted/explorative.xml_27,5,3000,TAP,3,5,14.590787030712491,0.03333333333333329,0,1
data/ssb_converted/explorative.xml_27,5,4000,OPT,2,2,9.728865570916978,0.027777777777777735,3,0
data/ssb_converted/explorative.xml_27,5,4000,NAIVE,5,4,19.415294003439712,0.036111111111111066,0,2
data/ssb_converted/explorative.xml_27,5,4000,TAP,3,5,14.590787030712491,0.03333333333333329,0,1
data/ssb_converted/explorative.xml_27,5,5000,OPT,2,2,9.69956971951042,0.0222222222222222,3,1
data/ssb_converted/explorative.xml_27,5,5000,NAIVE,5,4,19.415294003439712,0.038888888888888834,0,2
data/ssb_converted/explorative.xml_27,5,5000,TAP,3,5,14.590787030712491,0.03333333333333329,0,1
data/ssb_converted/explorative.xml_27,5,6000,OPT,3,3,14.590787030712491,0.03333333333333329,3,1
data/ssb_converted/explorative.xml_27,5,6000,NAIVE,5,4,19.415294003439712,0.036111111111111066,0,2
data/ssb_converted/explorative.xml_27,5,6000,TAP,3,5,14.590787030712491,0.03333333333333329,0,1
data/ssb_converted/explorative.xml_27,5,7000,OPT,4,4,19.415294003439712,0.036111111111111066,3,2
data/ssb_converted/explorative.xml_27,5,7000,NAIVE,5,4,19.415294003439712,0.036111111111111066,0,1
data/ssb_converted/explorative.xml_27,5,7000,TAP,3,5,14.590787030712491,0.03333333333333329,0,1
data/ssb_converted/explorative.xml_27,5,8000,OPT,2,2,9.69956971951042,0.0222222222222222,3,1
data/ssb_converted/explorative.xml_27,5,8000,NAIVE,5,4,19.415294003439712,0.036111111111111066,0,1
data/ssb_converted/explorative.xml_27,5,8000,TAP,3,5,14.590787030712491,0.03333333333333329,0,1
data/ssb_converted/explorative.xml_27,5,9000,OPT,4,4,19.415294003439712,0.036111111111111066,8,2
data/ssb_converted/explorative.xml_27,5,9000,NAIVE,5,4,19.415294003439712,0.038888888888888834,0,1
data/ssb_converted/explorative.xml_27,5,9000,TAP,3,5,14.590787030712491,0.03333333333333329,0,1
data/ssb_converted/explorative.xml_27,5,10000,OPT,2,2,9.728865570916978,0.027777777777777735,4,1
data/ssb_converted/explorative.xml_27,5,10000,NAIVE,5,4,19.415294003439712,0.038888888888888834,0,1
data/ssb_converted/explorative.xml_27,5,10000,TAP,2,5,9.69956971951042,0.0222222222222222,0,0
data/ssb_converted/explorative.xml_28,5,1000,OPT,3,3,14.5533725436442,0.03703703703703698,4,1
data/ssb_converted/explorative.xml_28,5,1000,NAIVE,5,4,19.415294003439712,0.036111111111111066,0,1
data/ssb_converted/explorative.xml_28,5,1000,TAP,3,5,14.590787030712491,0.03703703703703698,0,1
data/ssb_converted/explorative.xml_28,5,2000,OPT,2,2,9.715724283929292,0.027777777777777735,4,1
data/ssb_converted/explorative.xml_28,5,2000,NAIVE,5,4,19.415294003439712,0.038888888888888834,0,1
data/ssb_converted/explorative.xml_28,5,2000,TAP,3,5,14.590787030712491,0.03333333333333329,0,1
data/ssb_converted/explorative.xml_28,5,3000,OPT,3,3,14.463139623750653,0.03333333333333329,4,1
data/ssb_converted/explorative.xml_28,5,3000,NAIVE,5,4,19.415294003439712,0.036111111111111066,0,1
data/ssb_converted/explorative.xml_28,5,3000,TAP,3,5,14.590787030712491,0.03333333333333329,0,1
data/ssb_converted/explorative.xml_28,5,4000,OPT,5,5,24.178863907679947,0.04222222222222216,4,2
data/ssb_converted/explorative.xml_28,5,4000,NAIVE,5,4,19.415294003439712,0.036111111111111066,0,1
data/ssb_converted/explorative.xml_28,5,4000,TAP,3,5,14.590787030712491,0.03333333333333329,0,1
data/ssb_converted/explorative.xml_28,5,5000,OPT,5,5,24.178863907679947,0.0422222222222222,4,2
data/ssb_converted/explorative.xml_28,5,5000,NAIVE,5,4,19.415294003439712,0.036111111111111066,0,1
data/ssb_converted/explorative.xml_28,5,5000,TAP,2,5,9.69956971951042,0.0222222222222222,0,1
data/ssb_converted/explorative.xml_28,5,6000,OPT,3,3,14.590787030712491,0.03333333333333329,6,2
data/ssb_converted/explorative.xml_28,5,6000,NAIVE,5,4,19.415294003439712,0.038888888888888834,2,2
data/ssb_converted/explorative.xml_28,5,6000,TAP,3,5,14.590787030712491,0.03703703703703698,0,1
data/ssb_converted/explorative.xml_28,5,7000,OPT,4,4,19.415294003439712,0.038888888888888834,3,2
data/ssb_converted/explorative.xml_28,5,7000,NAIVE,5,4,19.415294003439712,0.036111111111111066,0,1
data/ssb_converted/explorative.xml_28,5,7000,TAP,3,5,14.590787030712491,0.03333333333333329,0,1
data/ssb_converted/explorative.xml_28,5,8000,OPT,5,5,24.178863907679947,0.04222222222222216,3,2
data/ssb_converted/explorative.xml_28,5,8000,NAIVE,5,4,19.415294003439712,0.038888888888888834,0,1
data/ssb_converted/explorative.xml_28,5,8000,TAP,2,5,9.69956971951042,0.0222222222222222,0,0
data/ssb_converted/explorative.xml_28,5,9000,OPT,3,3,14.5533725436442,0.03333333333333329,3,1
data/ssb_converted/explorative.xml_28,5,9000,NAIVE,5,4,19.415294003439712,0.036111111111111066,0,2
data/ssb_converted/explorative.xml_28,5,9000,TAP,3,5,14.590787030712491,0.03703703703703698,0,1
data/ssb_converted/explorative.xml_28,5,10000,OPT,4,4,19.415294003439712,0.036111111111111066,3,1
data/ssb_converted/explorative.xml_28,5,10000,NAIVE,5,4,19.415294003439712,0.036111111111111066,0,1
data/ssb_converted/explorative.xml_28,5,10000,TAP,2,5,9.69956971951042,0.0222222222222222,0,1
data/ssb_converted/explorative.xml_29,5,1000,OPT,4,4,19.500111105964628,0.036111111111111066,4,32435
data/ssb_converted/explorative.xml_29,5,1000,NAIVE,5,4,19.500111105964628,0.036111111111111066,0,33561
data/ssb_converted/explorative.xml_29,5,1000,TAP,1,5,4.890193827303818,0.0,0,10428
data/ssb_converted/explorative.xml_29,5,2000,OPT,5,5,24.291953377713167,0.04222222222222216,17,44572
data/ssb_converted/explorative.xml_29,5,2000,NAIVE,5,4,19.500111105964628,0.038888888888888834,0,32397
data/ssb_converted/explorative.xml_29,5,2000,TAP,2,5,9.743996651437598,0.027777777777777735,0,11417
data/ssb_converted/explorative.xml_29,5,3000,OPT,2,2,9.75611445452703,0.0222222222222222,9,21619
data/ssb_converted/explorative.xml_29,5,3000,NAIVE,5,4,19.500111105964628,0.036111111111111066,0,33357
data/ssb_converted/explorative.xml_29,5,3000,TAP,2,5,9.743996651437598,0.027777777777777735,0,10610
data/ssb_converted/explorative.xml_29,5,4000,OPT,4,4,19.500111105964628,0.038888888888888834,8,32995
data/ssb_converted/explorative.xml_29,5,4000,NAIVE,5,4,19.500111105964628,0.038888888888888834,0,32974
data/ssb_converted/explorative.xml_29,5,4000,TAP,1,5,4.903335114291504,0.0,0,11098
data/ssb_converted/explorative.xml_29,5,5000,OPT,5,5,24.291953377713167,0.04222222222222216,19,44112
data/ssb_converted/explorative.xml_29,5,5000,NAIVE,5,4,19.500111105964628,0.036111111111111066,0,33172
data/ssb_converted/explorative.xml_29,5,5000,TAP,1,5,4.903335114291504,0.0,0,10694
data/ssb_converted/explorative.xml_29,5,6000,OPT,5,5,24.291953377713167,0.04222222222222216,16,44499
data/ssb_converted/explorative.xml_29,5,6000,NAIVE,5,4,19.500111105964628,0.036111111111111066,0,32523
data/ssb_converted/explorative.xml_29,5,6000,TAP,2,5,9.757137938425284,0.027777777777777735,0,11321
data/ssb_converted/explorative.xml_29,5,7000,OPT,5,5,24.291953377713167,0.04222222222222216,18,44100
data/ssb_converted/explorative.xml_29,5,7000,NAIVE,5,4,19.500111105964628,0.036111111111111066,0,33593
data/ssb_converted/explorative.xml_29,5,7000,TAP,1,5,4.852779340235527,0.0,0,11403
data/ssb_converted/explorative.xml_29,5,8000,OPT,5,5,24.291953377713167,0.04444444444444442,8,44015
data/ssb_converted/explorative.xml_29,5,8000,NAIVE,5,4,19.500111105964628,0.036111111111111066,0,32643
data/ssb_converted/explorative.xml_29,5,8000,TAP,1,5,4.852779340235527,0.0,0,14430
